-- MySQL dump 10.13  Distrib 8.0.33, for Win64 (x86_64)
--
-- Host: localhost    Database: rail_nexus
-- ------------------------------------------------------
-- Server version	8.0.33

/*!40101 SET @OLD_CHARACTER_SET_CLIENT=@@CHARACTER_SET_CLIENT */;
/*!40101 SET @OLD_CHARACTER_SET_RESULTS=@@CHARACTER_SET_RESULTS */;
/*!40101 SET @OLD_COLLATION_CONNECTION=@@COLLATION_CONNECTION */;
/*!50503 SET NAMES utf8 */;
/*!40103 SET @OLD_TIME_ZONE=@@TIME_ZONE */;
/*!40103 SET TIME_ZONE='+00:00' */;
/*!40014 SET @OLD_UNIQUE_CHECKS=@@UNIQUE_CHECKS, UNIQUE_CHECKS=0 */;
/*!40014 SET @OLD_FOREIGN_KEY_CHECKS=@@FOREIGN_KEY_CHECKS, FOREIGN_KEY_CHECKS=0 */;
/*!40101 SET @OLD_SQL_MODE=@@SQL_MODE, SQL_MODE='NO_AUTO_VALUE_ON_ZERO' */;
/*!40111 SET @OLD_SQL_NOTES=@@SQL_NOTES, SQL_NOTES=0 */;

--
-- Table structure for table `canceled_seats`
--

DROP TABLE IF EXISTS `canceled_seats`;
/*!40101 SET @saved_cs_client     = @@character_set_client */;
/*!50503 SET character_set_client = utf8mb4 */;
CREATE TABLE `canceled_seats` (
  `id` bigint NOT NULL AUTO_INCREMENT,
  `boogie` varchar(255) DEFAULT NULL,
  `class_type` varchar(20) DEFAULT NULL,
  `seat_type` varchar(20) DEFAULT NULL,
  `seat_number` bigint DEFAULT NULL,
  `train_id` bigint DEFAULT NULL,
  PRIMARY KEY (`id`),
  KEY `FKhmidjlsipfvscxtmafp47ogtg` (`seat_number`),
  KEY `FKgh4xbtthwr89du4h0n39sao4q` (`train_id`),
  CONSTRAINT `FKgh4xbtthwr89du4h0n39sao4q` FOREIGN KEY (`train_id`) REFERENCES `trains` (`id`)
) ENGINE=InnoDB DEFAULT CHARSET=utf8mb4 COLLATE=utf8mb4_0900_ai_ci;
/*!40101 SET character_set_client = @saved_cs_client */;

--
-- Dumping data for table `canceled_seats`
--

LOCK TABLES `canceled_seats` WRITE;
/*!40000 ALTER TABLE `canceled_seats` DISABLE KEYS */;
/*!40000 ALTER TABLE `canceled_seats` ENABLE KEYS */;
UNLOCK TABLES;

--
-- Table structure for table `distance`
--

DROP TABLE IF EXISTS `distance`;
/*!40101 SET @saved_cs_client     = @@character_set_client */;
/*!50503 SET character_set_client = utf8mb4 */;
CREATE TABLE `distance` (
  `id` bigint NOT NULL AUTO_INCREMENT,
  `distance` float NOT NULL,
  `destination_station_id` bigint NOT NULL,
  `origin_station_id` bigint NOT NULL,
  PRIMARY KEY (`id`),
  KEY `FKsd70ui9cltwy9r0i91bxivuv0` (`destination_station_id`),
  KEY `FKfhho6grepljrty4tny3y3itvn` (`origin_station_id`),
  CONSTRAINT `FKfhho6grepljrty4tny3y3itvn` FOREIGN KEY (`origin_station_id`) REFERENCES `stations` (`id`),
  CONSTRAINT `FKsd70ui9cltwy9r0i91bxivuv0` FOREIGN KEY (`destination_station_id`) REFERENCES `stations` (`id`)
) ENGINE=InnoDB AUTO_INCREMENT=14 DEFAULT CHARSET=utf8mb4 COLLATE=utf8mb4_0900_ai_ci;
/*!40101 SET character_set_client = @saved_cs_client */;

--
-- Dumping data for table `distance`
--

LOCK TABLES `distance` WRITE;
/*!40000 ALTER TABLE `distance` DISABLE KEYS */;
INSERT INTO `distance` VALUES (1,230,32,31),(2,320,33,31),(3,170,34,31),(4,420,36,31),(5,390,33,32),(6,410,34,32),(7,340,36,32),(8,310,34,33),(9,500,36,33),(10,380,36,34),(11,280,35,31),(12,360,35,32),(13,190,35,34);
/*!40000 ALTER TABLE `distance` ENABLE KEYS */;
UNLOCK TABLES;

--
-- Table structure for table `fair`
--

DROP TABLE IF EXISTS `fair`;
/*!40101 SET @saved_cs_client     = @@character_set_client */;
/*!50503 SET character_set_client = utf8mb4 */;
CREATE TABLE `fair` (
  `id` bigint NOT NULL AUTO_INCREMENT,
  `class_type` varchar(30) DEFAULT NULL,
  `fair` float NOT NULL,
  `dist_for_fair` double DEFAULT NULL,
  `train_no` bigint DEFAULT NULL,
  PRIMARY KEY (`id`),
  KEY `FKfl6lqafat3qb9pxncquiew5b3` (`train_no`),
  CONSTRAINT `FKfl6lqafat3qb9pxncquiew5b3` FOREIGN KEY (`train_no`) REFERENCES `trains` (`id`)
) ENGINE=InnoDB AUTO_INCREMENT=17 DEFAULT CHARSET=utf8mb4 COLLATE=utf8mb4_0900_ai_ci;
/*!40101 SET character_set_client = @saved_cs_client */;

--
-- Dumping data for table `fair`
--

LOCK TABLES `fair` WRITE;
/*!40000 ALTER TABLE `fair` DISABLE KEYS */;
INSERT INTO `fair` VALUES (1,'FIRST_CLASS',1200,100,1),(2,'SECOND_CLASS',800,100,1),(3,'SLEEPER_CLASS',500,100,1),(4,'GENERAL',100,100,1),(5,'FIRST_CLASS',1200,100,2),(6,'SECOND_CLASS',800,100,2),(7,'SLEEPER_CLASS',500,100,2),(8,'GENERAL',100,100,2),(9,'FIRST_CLASS',1300,100,3),(10,'SECOND_CLASS',900,100,3),(11,'SLEEPER_CLASS',500,100,3),(12,'GENERAL',200,100,3),(13,'FIRST_CLASS',1500,100,4),(14,'SECOND_CLASS',1100,100,4),(15,'SLEEPER_CLASS',500,100,4),(16,'GENERAL',200,100,4);
/*!40000 ALTER TABLE `fair` ENABLE KEYS */;
UNLOCK TABLES;

--
-- Table structure for table `live_seats`
--

DROP TABLE IF EXISTS `live_seats`;
/*!40101 SET @saved_cs_client     = @@character_set_client */;
/*!50503 SET character_set_client = utf8mb4 */;
CREATE TABLE `live_seats` (
  `id` bigint NOT NULL AUTO_INCREMENT,
  `available_seats` int DEFAULT NULL,
  `boogie` varchar(255) DEFAULT NULL,
  `class_type` varchar(20) DEFAULT NULL,
  `destination_time` date DEFAULT NULL,
  `seat_type` varchar(20) DEFAULT NULL,
  `train_id` bigint DEFAULT NULL,
  PRIMARY KEY (`id`),
  KEY `FK6qlbvvari65r2ysv22nh3wm1t` (`train_id`),
  CONSTRAINT `FK6qlbvvari65r2ysv22nh3wm1t` FOREIGN KEY (`train_id`) REFERENCES `trains` (`id`)
) ENGINE=InnoDB AUTO_INCREMENT=1696 DEFAULT CHARSET=utf8mb4 COLLATE=utf8mb4_0900_ai_ci;
/*!40101 SET character_set_client = @saved_cs_client */;

--
-- Dumping data for table `live_seats`
--

LOCK TABLES `live_seats` WRITE;
/*!40000 ALTER TABLE `live_seats` DISABLE KEYS */;
INSERT INTO `live_seats` VALUES (1,20,'A1','FIRST_CLASS','2023-08-23','DISABLE',1),(2,20,'A1','FIRST_CLASS','2023-08-23','MIDDLE_BIRTH',1),(3,20,'A1','FIRST_CLASS','2023-08-23','LOWER_BERTH',1),(4,8,'A1','FIRST_CLASS','2023-08-23','UPPER_BERTH',1),(5,20,'A1','FIRST_CLASS','2023-08-23','WINDOW_BERTH',1),(6,20,'B1','SECOND_CLASS','2023-08-23','DISABLE',1),(7,20,'B1','SECOND_CLASS','2023-08-23','MIDDLE_BIRTH',1),(8,19,'B1','SECOND_CLASS','2023-08-23','LOWER_BERTH',1),(9,20,'B1','SECOND_CLASS','2023-08-23','UPPER_BERTH',1),(10,20,'B1','SECOND_CLASS','2023-08-23','WINDOW_BERTH',1),(11,20,'C1','SLEEPER_CLASS','2023-08-23','DISABLE',1),(12,20,'C1','SLEEPER_CLASS','2023-08-23','MIDDLE_BIRTH',1),(13,20,'C1','SLEEPER_CLASS','2023-08-23','LOWER_BERTH',1),(14,20,'C2','SLEEPER_CLASS','2023-08-23','UPPER_BERTH',1),(15,20,'C2','SLEEPER_CLASS','2023-08-23','WINDOW_BERTH',1),(16,20,'S1','GENERAL','2023-08-23','DISABLE',1),(17,20,'S1','GENERAL','2023-08-23','MIDDLE_BIRTH',1),(18,20,'S1','GENERAL','2023-08-23','LOWER_BERTH',1),(19,20,'S1','GENERAL','2023-08-23','UPPER_BERTH',1),(20,20,'S1','GENERAL','2023-08-23','WINDOW_BERTH',1),(21,20,'S2','GENERAL','2023-08-23','DISABLE',1),(22,20,'S2','GENERAL','2023-08-23','MIDDLE_BIRTH',1),(23,20,'S2','GENERAL','2023-08-23','LOWER_BERTH',1),(24,20,'S2','GENERAL','2023-08-23','UPPER_BERTH',1),(25,20,'S2','GENERAL','2023-08-23','WINDOW_BERTH',1),(26,20,'S3','GENERAL','2023-08-23','DISABLE',1),(27,20,'S3','GENERAL','2023-08-23','MIDDLE_BIRTH',1),(28,20,'S3','GENERAL','2023-08-23','LOWER_BERTH',1),(29,20,'S3','GENERAL','2023-08-23','UPPER_BERTH',1),(30,20,'S3','GENERAL','2023-08-23','WINDOW_BERTH',1),(31,20,'C2','SLEEPER_CLASS','2023-08-23','DISABLE',1),(32,20,'C2','SLEEPER_CLASS','2023-08-23','MIDDLE_BIRTH',1),(33,20,'C2','SLEEPER_CLASS','2023-08-23','LOWER_BERTH',1),(34,20,'C2','SLEEPER_CLASS','2023-08-23','UPPER_BERTH',1),(35,20,'C2','SLEEPER_CLASS','2023-08-23','WINDOW_BERTH',1),(36,20,'C3','SLEEPER_CLASS','2023-08-23','DISABLE',1),(37,20,'C3','SLEEPER_CLASS','2023-08-23','MIDDLE_BIRTH',1),(38,20,'C3','SLEEPER_CLASS','2023-08-23','LOWER_BERTH',1),(39,20,'C3','SLEEPER_CLASS','2023-08-23','UPPER_BERTH',1),(40,20,'C3','SLEEPER_CLASS','2023-08-23','WINDOW_BERTH',1),(41,20,'C4','SLEEPER_CLASS','2023-08-23','DISABLE',1),(42,20,'C4','SLEEPER_CLASS','2023-08-23','MIDDLE_BIRTH',1),(43,20,'C4','SLEEPER_CLASS','2023-08-23','LOWER_BERTH',1),(44,20,'C4','SLEEPER_CLASS','2023-08-23','UPPER_BERTH',1),(45,20,'C4','SLEEPER_CLASS','2023-08-23','WINDOW_BERTH',1),(46,20,'A1','FIRST_CLASS','2023-08-23','DISABLE',2),(47,20,'A1','FIRST_CLASS','2023-08-23','MIDDLE_BIRTH',2),(48,20,'A1','FIRST_CLASS','2023-08-23','LOWER_BERTH',2),(49,20,'A1','FIRST_CLASS','2023-08-23','UPPER_BERTH',2),(50,20,'A1','FIRST_CLASS','2023-08-23','WINDOW_BERTH',2),(51,20,'B1','SECOND_CLASS','2023-08-23','DISABLE',2),(52,20,'B1','SECOND_CLASS','2023-08-23','MIDDLE_BIRTH',2),(53,20,'B1','SECOND_CLASS','2023-08-23','LOWER_BERTH',2),(54,20,'B1','SECOND_CLASS','2023-08-23','UPPER_BERTH',2),(55,20,'B1','SECOND_CLASS','2023-08-23','WINDOW_BERTH',2),(56,20,'C4','SLEEPER_CLASS','2023-08-23','DISABLE',2),(57,20,'C4','SLEEPER_CLASS','2023-08-23','MIDDLE_BIRTH',2),(58,20,'C4','SLEEPER_CLASS','2023-08-23','LOWER_BERTH',2),(59,20,'C4','SLEEPER_CLASS','2023-08-23','UPPER_BERTH',2),(60,20,'C4','SLEEPER_CLASS','2023-08-23','WINDOW_BERTH',2),(61,20,'S3','GENERAL','2023-08-23','DISABLE',2),(62,20,'S3','GENERAL','2023-08-23','MIDDLE_BIRTH',2),(63,20,'S3','GENERAL','2023-08-23','LOWER_BERTH',2),(64,20,'S3','GENERAL','2023-08-23','UPPER_BERTH',2),(65,20,'S3','GENERAL','2023-08-23','WINDOW_BERTH',2),(66,20,'C3','SLEEPER_CLASS','2023-08-23','DISABLE',2),(67,20,'C3','SLEEPER_CLASS','2023-08-23','MIDDLE_BIRTH',2),(68,20,'C3','SLEEPER_CLASS','2023-08-23','LOWER_BERTH',2),(69,20,'C3','SLEEPER_CLASS','2023-08-23','UPPER_BERTH',2),(70,20,'C3','SLEEPER_CLASS','2023-08-23','WINDOW_BERTH',2),(71,20,'C2','SLEEPER_CLASS','2023-08-23','DISABLE',2),(72,20,'C2','SLEEPER_CLASS','2023-08-23','MIDDLE_BIRTH',2),(73,20,'C2','SLEEPER_CLASS','2023-08-23','LOWER_BERTH',2),(74,20,'C2','SLEEPER_CLASS','2023-08-23','UPPER_BERTH',2),(75,20,'C2','SLEEPER_CLASS','2023-08-23','WINDOW_BERTH',2),(76,20,'S2','GENERAL','2023-08-23','DISABLE',2),(77,20,'S2','GENERAL','2023-08-23','MIDDLE_BIRTH',2),(78,20,'S2','GENERAL','2023-08-23','LOWER_BERTH',2),(79,20,'S2','GENERAL','2023-08-23','UPPER_BERTH',2),(80,20,'S2','GENERAL','2023-08-23','WINDOW_BERTH',2),(81,20,'S1','GENERAL','2023-08-23','DISABLE',2),(82,20,'S1','GENERAL','2023-08-23','MIDDLE_BIRTH',2),(83,20,'S1','GENERAL','2023-08-23','LOWER_BERTH',2),(84,20,'S1','GENERAL','2023-08-23','UPPER_BERTH',2),(85,20,'S1','GENERAL','2023-08-23','WINDOW_BERTH',2),(86,20,'A1','FIRST_CLASS','2023-08-23','DISABLE',3),(87,20,'A1','FIRST_CLASS','2023-08-23','MIDDLE_BIRTH',3),(88,20,'A1','FIRST_CLASS','2023-08-23','LOWER_BERTH',3),(89,20,'A1','FIRST_CLASS','2023-08-23','UPPER_BERTH',3),(90,20,'A1','FIRST_CLASS','2023-08-23','WINDOW_BERTH',3),(91,20,'B1','SECOND_CLASS','2023-08-23','DISABLE',3),(92,20,'B1','SECOND_CLASS','2023-08-23','MIDDLE_BIRTH',3),(93,20,'B1','SECOND_CLASS','2023-08-23','LOWER_BERTH',3),(94,20,'B1','SECOND_CLASS','2023-08-23','UPPER_BERTH',3),(95,20,'B1','SECOND_CLASS','2023-08-23','WINDOW_BERTH',3),(96,20,'C4','SLEEPER_CLASS','2023-08-23','DISABLE',3),(97,20,'C4','SLEEPER_CLASS','2023-08-23','MIDDLE_BIRTH',3),(98,20,'C4','SLEEPER_CLASS','2023-08-23','LOWER_BERTH',3),(99,20,'C4','SLEEPER_CLASS','2023-08-23','UPPER_BERTH',3),(100,20,'C4','SLEEPER_CLASS','2023-08-23','WINDOW_BERTH',3),(101,20,'S3','GENERAL','2023-08-23','DISABLE',3),(102,20,'S3','GENERAL','2023-08-23','MIDDLE_BIRTH',3),(103,20,'S3','GENERAL','2023-08-23','LOWER_BERTH',3),(104,20,'S3','GENERAL','2023-08-23','UPPER_BERTH',3),(105,20,'S3','GENERAL','2023-08-23','WINDOW_BERTH',3),(106,20,'C3','SLEEPER_CLASS','2023-08-23','DISABLE',3),(107,20,'C3','SLEEPER_CLASS','2023-08-23','MIDDLE_BIRTH',3),(108,20,'C3','SLEEPER_CLASS','2023-08-23','LOWER_BERTH',3),(109,20,'C3','SLEEPER_CLASS','2023-08-23','UPPER_BERTH',3),(110,20,'C3','SLEEPER_CLASS','2023-08-23','WINDOW_BERTH',3),(111,20,'C2','SLEEPER_CLASS','2023-08-23','DISABLE',3),(112,20,'C2','SLEEPER_CLASS','2023-08-23','MIDDLE_BIRTH',3),(113,20,'C2','SLEEPER_CLASS','2023-08-23','LOWER_BERTH',3),(114,20,'C2','SLEEPER_CLASS','2023-08-23','UPPER_BERTH',3),(115,20,'C2','SLEEPER_CLASS','2023-08-23','WINDOW_BERTH',3),(116,20,'S2','GENERAL','2023-08-23','DISABLE',3),(117,20,'S2','GENERAL','2023-08-23','MIDDLE_BIRTH',3),(118,20,'S2','GENERAL','2023-08-23','LOWER_BERTH',3),(119,20,'S2','GENERAL','2023-08-23','UPPER_BERTH',3),(120,20,'S2','GENERAL','2023-08-23','WINDOW_BERTH',3),(121,20,'S1','GENERAL','2023-08-23','DISABLE',3),(122,20,'S1','GENERAL','2023-08-23','MIDDLE_BIRTH',3),(123,20,'S1','GENERAL','2023-08-23','LOWER_BERTH',3),(124,20,'S1','GENERAL','2023-08-23','UPPER_BERTH',3),(125,20,'S1','GENERAL','2023-08-23','WINDOW_BERTH',3),(126,20,'A1','FIRST_CLASS','2023-08-23','DISABLE',4),(127,20,'A1','FIRST_CLASS','2023-08-23','MIDDLE_BIRTH',4),(128,20,'A1','FIRST_CLASS','2023-08-23','LOWER_BERTH',4),(129,20,'A1','FIRST_CLASS','2023-08-23','UPPER_BERTH',4),(130,20,'A1','FIRST_CLASS','2023-08-23','WINDOW_BERTH',4),(131,20,'B1','SECOND_CLASS','2023-08-23','DISABLE',4),(132,20,'B1','SECOND_CLASS','2023-08-23','MIDDLE_BIRTH',4),(133,20,'B1','SECOND_CLASS','2023-08-23','LOWER_BERTH',4),(134,20,'B1','SECOND_CLASS','2023-08-23','UPPER_BERTH',4),(135,20,'B1','SECOND_CLASS','2023-08-23','WINDOW_BERTH',4),(136,20,'C4','SLEEPER_CLASS','2023-08-23','DISABLE',4),(137,20,'C4','SLEEPER_CLASS','2023-08-23','MIDDLE_BIRTH',4),(138,20,'C4','SLEEPER_CLASS','2023-08-23','LOWER_BERTH',4),(139,20,'C4','SLEEPER_CLASS','2023-08-23','UPPER_BERTH',4),(140,20,'C4','SLEEPER_CLASS','2023-08-23','WINDOW_BERTH',4),(141,20,'S3','GENERAL','2023-08-23','DISABLE',4),(142,20,'S3','GENERAL','2023-08-23','MIDDLE_BIRTH',4),(143,20,'S3','GENERAL','2023-08-23','LOWER_BERTH',4),(144,20,'S3','GENERAL','2023-08-23','UPPER_BERTH',4),(145,20,'S3','GENERAL','2023-08-23','WINDOW_BERTH',4),(146,20,'C3','SLEEPER_CLASS','2023-08-23','DISABLE',4),(147,20,'C3','SLEEPER_CLASS','2023-08-23','MIDDLE_BIRTH',4),(148,20,'C3','SLEEPER_CLASS','2023-08-23','LOWER_BERTH',4),(149,20,'C3','SLEEPER_CLASS','2023-08-23','UPPER_BERTH',4),(150,20,'C3','SLEEPER_CLASS','2023-08-23','WINDOW_BERTH',4),(151,20,'C2','SLEEPER_CLASS','2023-08-23','DISABLE',4),(152,20,'C2','SLEEPER_CLASS','2023-08-23','MIDDLE_BIRTH',4),(153,20,'C2','SLEEPER_CLASS','2023-08-23','LOWER_BERTH',4),(154,20,'C2','SLEEPER_CLASS','2023-08-23','UPPER_BERTH',4),(155,20,'C2','SLEEPER_CLASS','2023-08-23','WINDOW_BERTH',4),(156,20,'S2','GENERAL','2023-08-23','DISABLE',4),(157,20,'S2','GENERAL','2023-08-23','MIDDLE_BIRTH',4),(158,20,'S2','GENERAL','2023-08-23','LOWER_BERTH',4),(159,20,'S2','GENERAL','2023-08-23','UPPER_BERTH',4),(160,20,'S2','GENERAL','2023-08-23','WINDOW_BERTH',4),(161,20,'S1','GENERAL','2023-08-23','DISABLE',4),(162,20,'S1','GENERAL','2023-08-23','MIDDLE_BIRTH',4),(163,20,'S1','GENERAL','2023-08-23','LOWER_BERTH',4),(164,20,'S1','GENERAL','2023-08-23','UPPER_BERTH',4),(165,20,'S1','GENERAL','2023-08-23','WINDOW_BERTH',4),(256,20,'A1','FIRST_CLASS','2023-08-24','DISABLE',1),(257,20,'A1','FIRST_CLASS','2023-08-24','MIDDLE_BIRTH',1),(258,20,'A1','FIRST_CLASS','2023-08-24','LOWER_BERTH',1),(259,20,'A1','FIRST_CLASS','2023-08-24','UPPER_BERTH',1),(260,20,'A1','FIRST_CLASS','2023-08-24','WINDOW_BERTH',1),(261,20,'B1','SECOND_CLASS','2023-08-24','DISABLE',1),(262,20,'B1','SECOND_CLASS','2023-08-24','MIDDLE_BIRTH',1),(263,20,'B1','SECOND_CLASS','2023-08-24','LOWER_BERTH',1),(264,20,'B1','SECOND_CLASS','2023-08-24','UPPER_BERTH',1),(265,20,'B1','SECOND_CLASS','2023-08-24','WINDOW_BERTH',1),(266,20,'C1','SLEEPER_CLASS','2023-08-24','DISABLE',1),(267,20,'C1','SLEEPER_CLASS','2023-08-24','MIDDLE_BIRTH',1),(268,20,'C1','SLEEPER_CLASS','2023-08-24','LOWER_BERTH',1),(269,20,'C2','SLEEPER_CLASS','2023-08-24','UPPER_BERTH',1),(270,20,'C2','SLEEPER_CLASS','2023-08-24','WINDOW_BERTH',1),(271,20,'S1','GENERAL','2023-08-24','DISABLE',1),(272,20,'S1','GENERAL','2023-08-24','MIDDLE_BIRTH',1),(273,20,'S1','GENERAL','2023-08-24','LOWER_BERTH',1),(274,20,'S1','GENERAL','2023-08-24','UPPER_BERTH',1),(275,20,'S1','GENERAL','2023-08-24','WINDOW_BERTH',1),(276,20,'S2','GENERAL','2023-08-24','DISABLE',1),(277,20,'S2','GENERAL','2023-08-24','MIDDLE_BIRTH',1),(278,20,'S2','GENERAL','2023-08-24','LOWER_BERTH',1),(279,20,'S2','GENERAL','2023-08-24','UPPER_BERTH',1),(280,20,'S2','GENERAL','2023-08-24','WINDOW_BERTH',1),(281,20,'S3','GENERAL','2023-08-24','DISABLE',1),(282,16,'S3','GENERAL','2023-08-24','MIDDLE_BIRTH',1),(283,20,'S3','GENERAL','2023-08-24','LOWER_BERTH',1),(284,20,'S3','GENERAL','2023-08-24','UPPER_BERTH',1),(285,18,'S3','GENERAL','2023-08-24','WINDOW_BERTH',1),(286,20,'C2','SLEEPER_CLASS','2023-08-24','DISABLE',1),(287,20,'C2','SLEEPER_CLASS','2023-08-24','MIDDLE_BIRTH',1),(288,20,'C2','SLEEPER_CLASS','2023-08-24','LOWER_BERTH',1),(289,20,'C2','SLEEPER_CLASS','2023-08-24','UPPER_BERTH',1),(290,20,'C2','SLEEPER_CLASS','2023-08-24','WINDOW_BERTH',1),(291,20,'C3','SLEEPER_CLASS','2023-08-24','DISABLE',1),(292,20,'C3','SLEEPER_CLASS','2023-08-24','MIDDLE_BIRTH',1),(293,20,'C3','SLEEPER_CLASS','2023-08-24','LOWER_BERTH',1),(294,20,'C3','SLEEPER_CLASS','2023-08-24','UPPER_BERTH',1),(295,20,'C3','SLEEPER_CLASS','2023-08-24','WINDOW_BERTH',1),(296,20,'C4','SLEEPER_CLASS','2023-08-24','DISABLE',1),(297,20,'C4','SLEEPER_CLASS','2023-08-24','MIDDLE_BIRTH',1),(298,20,'C4','SLEEPER_CLASS','2023-08-24','LOWER_BERTH',1),(299,20,'C4','SLEEPER_CLASS','2023-08-24','UPPER_BERTH',1),(300,20,'C4','SLEEPER_CLASS','2023-08-24','WINDOW_BERTH',1),(301,20,'A1','FIRST_CLASS','2023-08-24','DISABLE',2),(302,20,'A1','FIRST_CLASS','2023-08-24','MIDDLE_BIRTH',2),(303,20,'A1','FIRST_CLASS','2023-08-24','LOWER_BERTH',2),(304,20,'A1','FIRST_CLASS','2023-08-24','UPPER_BERTH',2),(305,20,'A1','FIRST_CLASS','2023-08-24','WINDOW_BERTH',2),(306,20,'B1','SECOND_CLASS','2023-08-24','DISABLE',2),(307,20,'B1','SECOND_CLASS','2023-08-24','MIDDLE_BIRTH',2),(308,20,'B1','SECOND_CLASS','2023-08-24','LOWER_BERTH',2),(309,20,'B1','SECOND_CLASS','2023-08-24','UPPER_BERTH',2),(310,20,'B1','SECOND_CLASS','2023-08-24','WINDOW_BERTH',2),(311,20,'C4','SLEEPER_CLASS','2023-08-24','DISABLE',2),(312,20,'C4','SLEEPER_CLASS','2023-08-24','MIDDLE_BIRTH',2),(313,20,'C4','SLEEPER_CLASS','2023-08-24','LOWER_BERTH',2),(314,20,'C4','SLEEPER_CLASS','2023-08-24','UPPER_BERTH',2),(315,20,'C4','SLEEPER_CLASS','2023-08-24','WINDOW_BERTH',2),(316,20,'S3','GENERAL','2023-08-24','DISABLE',2),(317,18,'S3','GENERAL','2023-08-24','MIDDLE_BIRTH',2),(318,20,'S3','GENERAL','2023-08-24','LOWER_BERTH',2),(319,20,'S3','GENERAL','2023-08-24','UPPER_BERTH',2),(320,20,'S3','GENERAL','2023-08-24','WINDOW_BERTH',2),(321,20,'C3','SLEEPER_CLASS','2023-08-24','DISABLE',2),(322,20,'C3','SLEEPER_CLASS','2023-08-24','MIDDLE_BIRTH',2),(323,20,'C3','SLEEPER_CLASS','2023-08-24','LOWER_BERTH',2),(324,20,'C3','SLEEPER_CLASS','2023-08-24','UPPER_BERTH',2),(325,20,'C3','SLEEPER_CLASS','2023-08-24','WINDOW_BERTH',2),(326,20,'C2','SLEEPER_CLASS','2023-08-24','DISABLE',2),(327,20,'C2','SLEEPER_CLASS','2023-08-24','MIDDLE_BIRTH',2),(328,20,'C2','SLEEPER_CLASS','2023-08-24','LOWER_BERTH',2),(329,20,'C2','SLEEPER_CLASS','2023-08-24','UPPER_BERTH',2),(330,20,'C2','SLEEPER_CLASS','2023-08-24','WINDOW_BERTH',2),(331,20,'S2','GENERAL','2023-08-24','DISABLE',2),(332,20,'S2','GENERAL','2023-08-24','MIDDLE_BIRTH',2),(333,20,'S2','GENERAL','2023-08-24','LOWER_BERTH',2),(334,20,'S2','GENERAL','2023-08-24','UPPER_BERTH',2),(335,20,'S2','GENERAL','2023-08-24','WINDOW_BERTH',2),(336,20,'S1','GENERAL','2023-08-24','DISABLE',2),(337,20,'S1','GENERAL','2023-08-24','MIDDLE_BIRTH',2),(338,20,'S1','GENERAL','2023-08-24','LOWER_BERTH',2),(339,20,'S1','GENERAL','2023-08-24','UPPER_BERTH',2),(340,20,'S1','GENERAL','2023-08-24','WINDOW_BERTH',2),(341,20,'A1','FIRST_CLASS','2023-08-24','DISABLE',3),(342,20,'A1','FIRST_CLASS','2023-08-24','MIDDLE_BIRTH',3),(343,20,'A1','FIRST_CLASS','2023-08-24','LOWER_BERTH',3),(344,20,'A1','FIRST_CLASS','2023-08-24','UPPER_BERTH',3),(345,20,'A1','FIRST_CLASS','2023-08-24','WINDOW_BERTH',3),(346,20,'B1','SECOND_CLASS','2023-08-24','DISABLE',3),(347,20,'B1','SECOND_CLASS','2023-08-24','MIDDLE_BIRTH',3),(348,20,'B1','SECOND_CLASS','2023-08-24','LOWER_BERTH',3),(349,20,'B1','SECOND_CLASS','2023-08-24','UPPER_BERTH',3),(350,20,'B1','SECOND_CLASS','2023-08-24','WINDOW_BERTH',3),(351,20,'C4','SLEEPER_CLASS','2023-08-24','DISABLE',3),(352,20,'C4','SLEEPER_CLASS','2023-08-24','MIDDLE_BIRTH',3),(353,20,'C4','SLEEPER_CLASS','2023-08-24','LOWER_BERTH',3),(354,20,'C4','SLEEPER_CLASS','2023-08-24','UPPER_BERTH',3),(355,20,'C4','SLEEPER_CLASS','2023-08-24','WINDOW_BERTH',3),(356,20,'S3','GENERAL','2023-08-24','DISABLE',3),(357,20,'S3','GENERAL','2023-08-24','MIDDLE_BIRTH',3),(358,20,'S3','GENERAL','2023-08-24','LOWER_BERTH',3),(359,20,'S3','GENERAL','2023-08-24','UPPER_BERTH',3),(360,20,'S3','GENERAL','2023-08-24','WINDOW_BERTH',3),(361,20,'C3','SLEEPER_CLASS','2023-08-24','DISABLE',3),(362,20,'C3','SLEEPER_CLASS','2023-08-24','MIDDLE_BIRTH',3),(363,20,'C3','SLEEPER_CLASS','2023-08-24','LOWER_BERTH',3),(364,20,'C3','SLEEPER_CLASS','2023-08-24','UPPER_BERTH',3),(365,20,'C3','SLEEPER_CLASS','2023-08-24','WINDOW_BERTH',3),(366,20,'C2','SLEEPER_CLASS','2023-08-24','DISABLE',3),(367,20,'C2','SLEEPER_CLASS','2023-08-24','MIDDLE_BIRTH',3),(368,20,'C2','SLEEPER_CLASS','2023-08-24','LOWER_BERTH',3),(369,20,'C2','SLEEPER_CLASS','2023-08-24','UPPER_BERTH',3),(370,20,'C2','SLEEPER_CLASS','2023-08-24','WINDOW_BERTH',3),(371,20,'S2','GENERAL','2023-08-24','DISABLE',3),(372,20,'S2','GENERAL','2023-08-24','MIDDLE_BIRTH',3),(373,20,'S2','GENERAL','2023-08-24','LOWER_BERTH',3),(374,20,'S2','GENERAL','2023-08-24','UPPER_BERTH',3),(375,20,'S2','GENERAL','2023-08-24','WINDOW_BERTH',3),(376,20,'S1','GENERAL','2023-08-24','DISABLE',3),(377,20,'S1','GENERAL','2023-08-24','MIDDLE_BIRTH',3),(378,20,'S1','GENERAL','2023-08-24','LOWER_BERTH',3),(379,20,'S1','GENERAL','2023-08-24','UPPER_BERTH',3),(380,20,'S1','GENERAL','2023-08-24','WINDOW_BERTH',3),(381,20,'A1','FIRST_CLASS','2023-08-24','DISABLE',4),(382,20,'A1','FIRST_CLASS','2023-08-24','MIDDLE_BIRTH',4),(383,20,'A1','FIRST_CLASS','2023-08-24','LOWER_BERTH',4),(384,20,'A1','FIRST_CLASS','2023-08-24','UPPER_BERTH',4),(385,20,'A1','FIRST_CLASS','2023-08-24','WINDOW_BERTH',4),(386,20,'B1','SECOND_CLASS','2023-08-24','DISABLE',4),(387,20,'B1','SECOND_CLASS','2023-08-24','MIDDLE_BIRTH',4),(388,20,'B1','SECOND_CLASS','2023-08-24','LOWER_BERTH',4),(389,20,'B1','SECOND_CLASS','2023-08-24','UPPER_BERTH',4),(390,20,'B1','SECOND_CLASS','2023-08-24','WINDOW_BERTH',4),(391,20,'C4','SLEEPER_CLASS','2023-08-24','DISABLE',4),(392,20,'C4','SLEEPER_CLASS','2023-08-24','MIDDLE_BIRTH',4),(393,20,'C4','SLEEPER_CLASS','2023-08-24','LOWER_BERTH',4),(394,20,'C4','SLEEPER_CLASS','2023-08-24','UPPER_BERTH',4),(395,20,'C4','SLEEPER_CLASS','2023-08-24','WINDOW_BERTH',4),(396,20,'S3','GENERAL','2023-08-24','DISABLE',4),(397,20,'S3','GENERAL','2023-08-24','MIDDLE_BIRTH',4),(398,20,'S3','GENERAL','2023-08-24','LOWER_BERTH',4),(399,20,'S3','GENERAL','2023-08-24','UPPER_BERTH',4),(400,20,'S3','GENERAL','2023-08-24','WINDOW_BERTH',4),(401,20,'C3','SLEEPER_CLASS','2023-08-24','DISABLE',4),(402,20,'C3','SLEEPER_CLASS','2023-08-24','MIDDLE_BIRTH',4),(403,20,'C3','SLEEPER_CLASS','2023-08-24','LOWER_BERTH',4),(404,20,'C3','SLEEPER_CLASS','2023-08-24','UPPER_BERTH',4),(405,20,'C3','SLEEPER_CLASS','2023-08-24','WINDOW_BERTH',4),(406,20,'C2','SLEEPER_CLASS','2023-08-24','DISABLE',4),(407,20,'C2','SLEEPER_CLASS','2023-08-24','MIDDLE_BIRTH',4),(408,20,'C2','SLEEPER_CLASS','2023-08-24','LOWER_BERTH',4),(409,20,'C2','SLEEPER_CLASS','2023-08-24','UPPER_BERTH',4),(410,20,'C2','SLEEPER_CLASS','2023-08-24','WINDOW_BERTH',4),(411,20,'S2','GENERAL','2023-08-24','DISABLE',4),(412,20,'S2','GENERAL','2023-08-24','MIDDLE_BIRTH',4),(413,20,'S2','GENERAL','2023-08-24','LOWER_BERTH',4),(414,20,'S2','GENERAL','2023-08-24','UPPER_BERTH',4),(415,20,'S2','GENERAL','2023-08-24','WINDOW_BERTH',4),(416,20,'S1','GENERAL','2023-08-24','DISABLE',4),(417,20,'S1','GENERAL','2023-08-24','MIDDLE_BIRTH',4),(418,20,'S1','GENERAL','2023-08-24','LOWER_BERTH',4),(419,20,'S1','GENERAL','2023-08-24','UPPER_BERTH',4),(420,20,'S1','GENERAL','2023-08-24','WINDOW_BERTH',4),(511,20,'A1','FIRST_CLASS','2023-08-25','DISABLE',1),(512,20,'A1','FIRST_CLASS','2023-08-25','MIDDLE_BIRTH',1),(513,20,'A1','FIRST_CLASS','2023-08-25','LOWER_BERTH',1),(514,19,'A1','FIRST_CLASS','2023-08-25','UPPER_BERTH',1),(515,20,'A1','FIRST_CLASS','2023-08-25','WINDOW_BERTH',1),(516,20,'B1','SECOND_CLASS','2023-08-25','DISABLE',1),(517,20,'B1','SECOND_CLASS','2023-08-25','MIDDLE_BIRTH',1),(518,20,'B1','SECOND_CLASS','2023-08-25','LOWER_BERTH',1),(519,20,'B1','SECOND_CLASS','2023-08-25','UPPER_BERTH',1),(520,19,'B1','SECOND_CLASS','2023-08-25','WINDOW_BERTH',1),(521,20,'C1','SLEEPER_CLASS','2023-08-25','DISABLE',1),(522,20,'C1','SLEEPER_CLASS','2023-08-25','MIDDLE_BIRTH',1),(523,20,'C1','SLEEPER_CLASS','2023-08-25','LOWER_BERTH',1),(524,20,'C2','SLEEPER_CLASS','2023-08-25','UPPER_BERTH',1),(525,20,'C2','SLEEPER_CLASS','2023-08-25','WINDOW_BERTH',1),(526,20,'S1','GENERAL','2023-08-25','DISABLE',1),(527,20,'S1','GENERAL','2023-08-25','MIDDLE_BIRTH',1),(528,20,'S1','GENERAL','2023-08-25','LOWER_BERTH',1),(529,20,'S1','GENERAL','2023-08-25','UPPER_BERTH',1),(530,20,'S1','GENERAL','2023-08-25','WINDOW_BERTH',1),(531,20,'S2','GENERAL','2023-08-25','DISABLE',1),(532,20,'S2','GENERAL','2023-08-25','MIDDLE_BIRTH',1),(533,20,'S2','GENERAL','2023-08-25','LOWER_BERTH',1),(534,20,'S2','GENERAL','2023-08-25','UPPER_BERTH',1),(535,20,'S2','GENERAL','2023-08-25','WINDOW_BERTH',1),(536,20,'S3','GENERAL','2023-08-25','DISABLE',1),(537,20,'S3','GENERAL','2023-08-25','MIDDLE_BIRTH',1),(538,20,'S3','GENERAL','2023-08-25','LOWER_BERTH',1),(539,20,'S3','GENERAL','2023-08-25','UPPER_BERTH',1),(540,20,'S3','GENERAL','2023-08-25','WINDOW_BERTH',1),(541,20,'C2','SLEEPER_CLASS','2023-08-25','DISABLE',1),(542,20,'C2','SLEEPER_CLASS','2023-08-25','MIDDLE_BIRTH',1),(543,20,'C2','SLEEPER_CLASS','2023-08-25','LOWER_BERTH',1),(544,20,'C2','SLEEPER_CLASS','2023-08-25','UPPER_BERTH',1),(545,20,'C2','SLEEPER_CLASS','2023-08-25','WINDOW_BERTH',1),(546,20,'C3','SLEEPER_CLASS','2023-08-25','DISABLE',1),(547,19,'C3','SLEEPER_CLASS','2023-08-25','MIDDLE_BIRTH',1),(548,20,'C3','SLEEPER_CLASS','2023-08-25','LOWER_BERTH',1),(549,20,'C3','SLEEPER_CLASS','2023-08-25','UPPER_BERTH',1),(550,20,'C3','SLEEPER_CLASS','2023-08-25','WINDOW_BERTH',1),(551,20,'C4','SLEEPER_CLASS','2023-08-25','DISABLE',1),(552,20,'C4','SLEEPER_CLASS','2023-08-25','MIDDLE_BIRTH',1),(553,20,'C4','SLEEPER_CLASS','2023-08-25','LOWER_BERTH',1),(554,20,'C4','SLEEPER_CLASS','2023-08-25','UPPER_BERTH',1),(555,20,'C4','SLEEPER_CLASS','2023-08-25','WINDOW_BERTH',1),(556,20,'A1','FIRST_CLASS','2023-08-25','DISABLE',2),(557,20,'A1','FIRST_CLASS','2023-08-25','MIDDLE_BIRTH',2),(558,20,'A1','FIRST_CLASS','2023-08-25','LOWER_BERTH',2),(559,19,'A1','FIRST_CLASS','2023-08-25','UPPER_BERTH',2),(560,20,'A1','FIRST_CLASS','2023-08-25','WINDOW_BERTH',2),(561,20,'B1','SECOND_CLASS','2023-08-25','DISABLE',2),(562,20,'B1','SECOND_CLASS','2023-08-25','MIDDLE_BIRTH',2),(563,20,'B1','SECOND_CLASS','2023-08-25','LOWER_BERTH',2),(564,20,'B1','SECOND_CLASS','2023-08-25','UPPER_BERTH',2),(565,20,'B1','SECOND_CLASS','2023-08-25','WINDOW_BERTH',2),(566,20,'C4','SLEEPER_CLASS','2023-08-25','DISABLE',2),(567,20,'C4','SLEEPER_CLASS','2023-08-25','MIDDLE_BIRTH',2),(568,20,'C4','SLEEPER_CLASS','2023-08-25','LOWER_BERTH',2),(569,20,'C4','SLEEPER_CLASS','2023-08-25','UPPER_BERTH',2),(570,20,'C4','SLEEPER_CLASS','2023-08-25','WINDOW_BERTH',2),(571,20,'S3','GENERAL','2023-08-25','DISABLE',2),(572,17,'S3','GENERAL','2023-08-25','MIDDLE_BIRTH',2),(573,20,'S3','GENERAL','2023-08-25','LOWER_BERTH',2),(574,20,'S3','GENERAL','2023-08-25','UPPER_BERTH',2),(575,20,'S3','GENERAL','2023-08-25','WINDOW_BERTH',2),(576,20,'C3','SLEEPER_CLASS','2023-08-25','DISABLE',2),(577,19,'C3','SLEEPER_CLASS','2023-08-25','MIDDLE_BIRTH',2),(578,20,'C3','SLEEPER_CLASS','2023-08-25','LOWER_BERTH',2),(579,20,'C3','SLEEPER_CLASS','2023-08-25','UPPER_BERTH',2),(580,20,'C3','SLEEPER_CLASS','2023-08-25','WINDOW_BERTH',2),(581,20,'C2','SLEEPER_CLASS','2023-08-25','DISABLE',2),(582,20,'C2','SLEEPER_CLASS','2023-08-25','MIDDLE_BIRTH',2),(583,20,'C2','SLEEPER_CLASS','2023-08-25','LOWER_BERTH',2),(584,20,'C2','SLEEPER_CLASS','2023-08-25','UPPER_BERTH',2),(585,20,'C2','SLEEPER_CLASS','2023-08-25','WINDOW_BERTH',2),(586,20,'S2','GENERAL','2023-08-25','DISABLE',2),(587,20,'S2','GENERAL','2023-08-25','MIDDLE_BIRTH',2),(588,20,'S2','GENERAL','2023-08-25','LOWER_BERTH',2),(589,20,'S2','GENERAL','2023-08-25','UPPER_BERTH',2),(590,20,'S2','GENERAL','2023-08-25','WINDOW_BERTH',2),(591,20,'S1','GENERAL','2023-08-25','DISABLE',2),(592,20,'S1','GENERAL','2023-08-25','MIDDLE_BIRTH',2),(593,20,'S1','GENERAL','2023-08-25','LOWER_BERTH',2),(594,20,'S1','GENERAL','2023-08-25','UPPER_BERTH',2),(595,20,'S1','GENERAL','2023-08-25','WINDOW_BERTH',2),(596,20,'A1','FIRST_CLASS','2023-08-25','DISABLE',3),(597,20,'A1','FIRST_CLASS','2023-08-25','MIDDLE_BIRTH',3),(598,20,'A1','FIRST_CLASS','2023-08-25','LOWER_BERTH',3),(599,20,'A1','FIRST_CLASS','2023-08-25','UPPER_BERTH',3),(600,20,'A1','FIRST_CLASS','2023-08-25','WINDOW_BERTH',3),(601,20,'B1','SECOND_CLASS','2023-08-25','DISABLE',3),(602,20,'B1','SECOND_CLASS','2023-08-25','MIDDLE_BIRTH',3),(603,20,'B1','SECOND_CLASS','2023-08-25','LOWER_BERTH',3),(604,20,'B1','SECOND_CLASS','2023-08-25','UPPER_BERTH',3),(605,20,'B1','SECOND_CLASS','2023-08-25','WINDOW_BERTH',3),(606,20,'C4','SLEEPER_CLASS','2023-08-25','DISABLE',3),(607,20,'C4','SLEEPER_CLASS','2023-08-25','MIDDLE_BIRTH',3),(608,20,'C4','SLEEPER_CLASS','2023-08-25','LOWER_BERTH',3),(609,20,'C4','SLEEPER_CLASS','2023-08-25','UPPER_BERTH',3),(610,20,'C4','SLEEPER_CLASS','2023-08-25','WINDOW_BERTH',3),(611,20,'S3','GENERAL','2023-08-25','DISABLE',3),(612,20,'S3','GENERAL','2023-08-25','MIDDLE_BIRTH',3),(613,20,'S3','GENERAL','2023-08-25','LOWER_BERTH',3),(614,20,'S3','GENERAL','2023-08-25','UPPER_BERTH',3),(615,20,'S3','GENERAL','2023-08-25','WINDOW_BERTH',3),(616,20,'C3','SLEEPER_CLASS','2023-08-25','DISABLE',3),(617,20,'C3','SLEEPER_CLASS','2023-08-25','MIDDLE_BIRTH',3),(618,20,'C3','SLEEPER_CLASS','2023-08-25','LOWER_BERTH',3),(619,20,'C3','SLEEPER_CLASS','2023-08-25','UPPER_BERTH',3),(620,20,'C3','SLEEPER_CLASS','2023-08-25','WINDOW_BERTH',3),(621,20,'C2','SLEEPER_CLASS','2023-08-25','DISABLE',3),(622,20,'C2','SLEEPER_CLASS','2023-08-25','MIDDLE_BIRTH',3),(623,20,'C2','SLEEPER_CLASS','2023-08-25','LOWER_BERTH',3),(624,20,'C2','SLEEPER_CLASS','2023-08-25','UPPER_BERTH',3),(625,20,'C2','SLEEPER_CLASS','2023-08-25','WINDOW_BERTH',3),(626,20,'S2','GENERAL','2023-08-25','DISABLE',3),(627,20,'S2','GENERAL','2023-08-25','MIDDLE_BIRTH',3),(628,20,'S2','GENERAL','2023-08-25','LOWER_BERTH',3),(629,20,'S2','GENERAL','2023-08-25','UPPER_BERTH',3),(630,20,'S2','GENERAL','2023-08-25','WINDOW_BERTH',3),(631,20,'S1','GENERAL','2023-08-25','DISABLE',3),(632,20,'S1','GENERAL','2023-08-25','MIDDLE_BIRTH',3),(633,20,'S1','GENERAL','2023-08-25','LOWER_BERTH',3),(634,20,'S1','GENERAL','2023-08-25','UPPER_BERTH',3),(635,20,'S1','GENERAL','2023-08-25','WINDOW_BERTH',3),(636,20,'A1','FIRST_CLASS','2023-08-25','DISABLE',4),(637,20,'A1','FIRST_CLASS','2023-08-25','MIDDLE_BIRTH',4),(638,20,'A1','FIRST_CLASS','2023-08-25','LOWER_BERTH',4),(639,20,'A1','FIRST_CLASS','2023-08-25','UPPER_BERTH',4),(640,20,'A1','FIRST_CLASS','2023-08-25','WINDOW_BERTH',4),(641,20,'B1','SECOND_CLASS','2023-08-25','DISABLE',4),(642,20,'B1','SECOND_CLASS','2023-08-25','MIDDLE_BIRTH',4),(643,20,'B1','SECOND_CLASS','2023-08-25','LOWER_BERTH',4),(644,20,'B1','SECOND_CLASS','2023-08-25','UPPER_BERTH',4),(645,20,'B1','SECOND_CLASS','2023-08-25','WINDOW_BERTH',4),(646,20,'C4','SLEEPER_CLASS','2023-08-25','DISABLE',4),(647,20,'C4','SLEEPER_CLASS','2023-08-25','MIDDLE_BIRTH',4),(648,20,'C4','SLEEPER_CLASS','2023-08-25','LOWER_BERTH',4),(649,20,'C4','SLEEPER_CLASS','2023-08-25','UPPER_BERTH',4),(650,20,'C4','SLEEPER_CLASS','2023-08-25','WINDOW_BERTH',4),(651,20,'S3','GENERAL','2023-08-25','DISABLE',4),(652,20,'S3','GENERAL','2023-08-25','MIDDLE_BIRTH',4),(653,20,'S3','GENERAL','2023-08-25','LOWER_BERTH',4),(654,20,'S3','GENERAL','2023-08-25','UPPER_BERTH',4),(655,20,'S3','GENERAL','2023-08-25','WINDOW_BERTH',4),(656,20,'C3','SLEEPER_CLASS','2023-08-25','DISABLE',4),(657,20,'C3','SLEEPER_CLASS','2023-08-25','MIDDLE_BIRTH',4),(658,20,'C3','SLEEPER_CLASS','2023-08-25','LOWER_BERTH',4),(659,20,'C3','SLEEPER_CLASS','2023-08-25','UPPER_BERTH',4),(660,20,'C3','SLEEPER_CLASS','2023-08-25','WINDOW_BERTH',4),(661,20,'C2','SLEEPER_CLASS','2023-08-25','DISABLE',4),(662,20,'C2','SLEEPER_CLASS','2023-08-25','MIDDLE_BIRTH',4),(663,20,'C2','SLEEPER_CLASS','2023-08-25','LOWER_BERTH',4),(664,20,'C2','SLEEPER_CLASS','2023-08-25','UPPER_BERTH',4),(665,20,'C2','SLEEPER_CLASS','2023-08-25','WINDOW_BERTH',4),(666,20,'S2','GENERAL','2023-08-25','DISABLE',4),(667,20,'S2','GENERAL','2023-08-25','MIDDLE_BIRTH',4),(668,20,'S2','GENERAL','2023-08-25','LOWER_BERTH',4),(669,20,'S2','GENERAL','2023-08-25','UPPER_BERTH',4),(670,20,'S2','GENERAL','2023-08-25','WINDOW_BERTH',4),(671,20,'S1','GENERAL','2023-08-25','DISABLE',4),(672,20,'S1','GENERAL','2023-08-25','MIDDLE_BIRTH',4),(673,20,'S1','GENERAL','2023-08-25','LOWER_BERTH',4),(674,20,'S1','GENERAL','2023-08-25','UPPER_BERTH',4),(675,20,'S1','GENERAL','2023-08-25','WINDOW_BERTH',4),(766,20,'A1','FIRST_CLASS','2023-08-26','DISABLE',1),(767,20,'A1','FIRST_CLASS','2023-08-26','MIDDLE_BIRTH',1),(768,20,'A1','FIRST_CLASS','2023-08-26','LOWER_BERTH',1),(769,20,'A1','FIRST_CLASS','2023-08-26','UPPER_BERTH',1),(770,20,'A1','FIRST_CLASS','2023-08-26','WINDOW_BERTH',1),(771,20,'B1','SECOND_CLASS','2023-08-26','DISABLE',1),(772,20,'B1','SECOND_CLASS','2023-08-26','MIDDLE_BIRTH',1),(773,20,'B1','SECOND_CLASS','2023-08-26','LOWER_BERTH',1),(774,20,'B1','SECOND_CLASS','2023-08-26','UPPER_BERTH',1),(775,20,'B1','SECOND_CLASS','2023-08-26','WINDOW_BERTH',1),(776,20,'C1','SLEEPER_CLASS','2023-08-26','DISABLE',1),(777,20,'C1','SLEEPER_CLASS','2023-08-26','MIDDLE_BIRTH',1),(778,20,'C1','SLEEPER_CLASS','2023-08-26','LOWER_BERTH',1),(779,20,'C2','SLEEPER_CLASS','2023-08-26','UPPER_BERTH',1),(780,20,'C2','SLEEPER_CLASS','2023-08-26','WINDOW_BERTH',1),(781,20,'S1','GENERAL','2023-08-26','DISABLE',1),(782,20,'S1','GENERAL','2023-08-26','MIDDLE_BIRTH',1),(783,20,'S1','GENERAL','2023-08-26','LOWER_BERTH',1),(784,20,'S1','GENERAL','2023-08-26','UPPER_BERTH',1),(785,20,'S1','GENERAL','2023-08-26','WINDOW_BERTH',1),(786,20,'S2','GENERAL','2023-08-26','DISABLE',1),(787,20,'S2','GENERAL','2023-08-26','MIDDLE_BIRTH',1),(788,20,'S2','GENERAL','2023-08-26','LOWER_BERTH',1),(789,20,'S2','GENERAL','2023-08-26','UPPER_BERTH',1),(790,20,'S2','GENERAL','2023-08-26','WINDOW_BERTH',1),(791,20,'S3','GENERAL','2023-08-26','DISABLE',1),(792,20,'S3','GENERAL','2023-08-26','MIDDLE_BIRTH',1),(793,20,'S3','GENERAL','2023-08-26','LOWER_BERTH',1),(794,20,'S3','GENERAL','2023-08-26','UPPER_BERTH',1),(795,20,'S3','GENERAL','2023-08-26','WINDOW_BERTH',1),(796,20,'C2','SLEEPER_CLASS','2023-08-26','DISABLE',1),(797,20,'C2','SLEEPER_CLASS','2023-08-26','MIDDLE_BIRTH',1),(798,20,'C2','SLEEPER_CLASS','2023-08-26','LOWER_BERTH',1),(799,20,'C2','SLEEPER_CLASS','2023-08-26','UPPER_BERTH',1),(800,20,'C2','SLEEPER_CLASS','2023-08-26','WINDOW_BERTH',1),(801,20,'C3','SLEEPER_CLASS','2023-08-26','DISABLE',1),(802,20,'C3','SLEEPER_CLASS','2023-08-26','MIDDLE_BIRTH',1),(803,20,'C3','SLEEPER_CLASS','2023-08-26','LOWER_BERTH',1),(804,20,'C3','SLEEPER_CLASS','2023-08-26','UPPER_BERTH',1),(805,20,'C3','SLEEPER_CLASS','2023-08-26','WINDOW_BERTH',1),(806,20,'C4','SLEEPER_CLASS','2023-08-26','DISABLE',1),(807,20,'C4','SLEEPER_CLASS','2023-08-26','MIDDLE_BIRTH',1),(808,20,'C4','SLEEPER_CLASS','2023-08-26','LOWER_BERTH',1),(809,20,'C4','SLEEPER_CLASS','2023-08-26','UPPER_BERTH',1),(810,20,'C4','SLEEPER_CLASS','2023-08-26','WINDOW_BERTH',1),(811,20,'A1','FIRST_CLASS','2023-08-26','DISABLE',2),(812,20,'A1','FIRST_CLASS','2023-08-26','MIDDLE_BIRTH',2),(813,20,'A1','FIRST_CLASS','2023-08-26','LOWER_BERTH',2),(814,20,'A1','FIRST_CLASS','2023-08-26','UPPER_BERTH',2),(815,20,'A1','FIRST_CLASS','2023-08-26','WINDOW_BERTH',2),(816,20,'B1','SECOND_CLASS','2023-08-26','DISABLE',2),(817,20,'B1','SECOND_CLASS','2023-08-26','MIDDLE_BIRTH',2),(818,20,'B1','SECOND_CLASS','2023-08-26','LOWER_BERTH',2),(819,20,'B1','SECOND_CLASS','2023-08-26','UPPER_BERTH',2),(820,20,'B1','SECOND_CLASS','2023-08-26','WINDOW_BERTH',2),(821,20,'C4','SLEEPER_CLASS','2023-08-26','DISABLE',2),(822,20,'C4','SLEEPER_CLASS','2023-08-26','MIDDLE_BIRTH',2),(823,20,'C4','SLEEPER_CLASS','2023-08-26','LOWER_BERTH',2),(824,20,'C4','SLEEPER_CLASS','2023-08-26','UPPER_BERTH',2),(825,20,'C4','SLEEPER_CLASS','2023-08-26','WINDOW_BERTH',2),(826,20,'S3','GENERAL','2023-08-26','DISABLE',2),(827,20,'S3','GENERAL','2023-08-26','MIDDLE_BIRTH',2),(828,20,'S3','GENERAL','2023-08-26','LOWER_BERTH',2),(829,20,'S3','GENERAL','2023-08-26','UPPER_BERTH',2),(830,20,'S3','GENERAL','2023-08-26','WINDOW_BERTH',2),(831,20,'C3','SLEEPER_CLASS','2023-08-26','DISABLE',2),(832,20,'C3','SLEEPER_CLASS','2023-08-26','MIDDLE_BIRTH',2),(833,20,'C3','SLEEPER_CLASS','2023-08-26','LOWER_BERTH',2),(834,20,'C3','SLEEPER_CLASS','2023-08-26','UPPER_BERTH',2),(835,20,'C3','SLEEPER_CLASS','2023-08-26','WINDOW_BERTH',2),(836,20,'C2','SLEEPER_CLASS','2023-08-26','DISABLE',2),(837,20,'C2','SLEEPER_CLASS','2023-08-26','MIDDLE_BIRTH',2),(838,20,'C2','SLEEPER_CLASS','2023-08-26','LOWER_BERTH',2),(839,20,'C2','SLEEPER_CLASS','2023-08-26','UPPER_BERTH',2),(840,20,'C2','SLEEPER_CLASS','2023-08-26','WINDOW_BERTH',2),(841,20,'S2','GENERAL','2023-08-26','DISABLE',2),(842,20,'S2','GENERAL','2023-08-26','MIDDLE_BIRTH',2),(843,20,'S2','GENERAL','2023-08-26','LOWER_BERTH',2),(844,20,'S2','GENERAL','2023-08-26','UPPER_BERTH',2),(845,20,'S2','GENERAL','2023-08-26','WINDOW_BERTH',2),(846,20,'S1','GENERAL','2023-08-26','DISABLE',2),(847,20,'S1','GENERAL','2023-08-26','MIDDLE_BIRTH',2),(848,20,'S1','GENERAL','2023-08-26','LOWER_BERTH',2),(849,20,'S1','GENERAL','2023-08-26','UPPER_BERTH',2),(850,20,'S1','GENERAL','2023-08-26','WINDOW_BERTH',2),(851,20,'A1','FIRST_CLASS','2023-08-26','DISABLE',3),(852,20,'A1','FIRST_CLASS','2023-08-26','MIDDLE_BIRTH',3),(853,20,'A1','FIRST_CLASS','2023-08-26','LOWER_BERTH',3),(854,20,'A1','FIRST_CLASS','2023-08-26','UPPER_BERTH',3),(855,20,'A1','FIRST_CLASS','2023-08-26','WINDOW_BERTH',3),(856,20,'B1','SECOND_CLASS','2023-08-26','DISABLE',3),(857,20,'B1','SECOND_CLASS','2023-08-26','MIDDLE_BIRTH',3),(858,20,'B1','SECOND_CLASS','2023-08-26','LOWER_BERTH',3),(859,20,'B1','SECOND_CLASS','2023-08-26','UPPER_BERTH',3),(860,20,'B1','SECOND_CLASS','2023-08-26','WINDOW_BERTH',3),(861,20,'C4','SLEEPER_CLASS','2023-08-26','DISABLE',3),(862,20,'C4','SLEEPER_CLASS','2023-08-26','MIDDLE_BIRTH',3),(863,20,'C4','SLEEPER_CLASS','2023-08-26','LOWER_BERTH',3),(864,20,'C4','SLEEPER_CLASS','2023-08-26','UPPER_BERTH',3),(865,20,'C4','SLEEPER_CLASS','2023-08-26','WINDOW_BERTH',3),(866,20,'S3','GENERAL','2023-08-26','DISABLE',3),(867,20,'S3','GENERAL','2023-08-26','MIDDLE_BIRTH',3),(868,20,'S3','GENERAL','2023-08-26','LOWER_BERTH',3),(869,20,'S3','GENERAL','2023-08-26','UPPER_BERTH',3),(870,20,'S3','GENERAL','2023-08-26','WINDOW_BERTH',3),(871,20,'C3','SLEEPER_CLASS','2023-08-26','DISABLE',3),(872,20,'C3','SLEEPER_CLASS','2023-08-26','MIDDLE_BIRTH',3),(873,20,'C3','SLEEPER_CLASS','2023-08-26','LOWER_BERTH',3),(874,20,'C3','SLEEPER_CLASS','2023-08-26','UPPER_BERTH',3),(875,20,'C3','SLEEPER_CLASS','2023-08-26','WINDOW_BERTH',3),(876,20,'C2','SLEEPER_CLASS','2023-08-26','DISABLE',3),(877,20,'C2','SLEEPER_CLASS','2023-08-26','MIDDLE_BIRTH',3),(878,20,'C2','SLEEPER_CLASS','2023-08-26','LOWER_BERTH',3),(879,20,'C2','SLEEPER_CLASS','2023-08-26','UPPER_BERTH',3),(880,20,'C2','SLEEPER_CLASS','2023-08-26','WINDOW_BERTH',3),(881,20,'S2','GENERAL','2023-08-26','DISABLE',3),(882,20,'S2','GENERAL','2023-08-26','MIDDLE_BIRTH',3),(883,20,'S2','GENERAL','2023-08-26','LOWER_BERTH',3),(884,20,'S2','GENERAL','2023-08-26','UPPER_BERTH',3),(885,20,'S2','GENERAL','2023-08-26','WINDOW_BERTH',3),(886,20,'S1','GENERAL','2023-08-26','DISABLE',3),(887,20,'S1','GENERAL','2023-08-26','MIDDLE_BIRTH',3),(888,20,'S1','GENERAL','2023-08-26','LOWER_BERTH',3),(889,20,'S1','GENERAL','2023-08-26','UPPER_BERTH',3),(890,20,'S1','GENERAL','2023-08-26','WINDOW_BERTH',3),(891,20,'A1','FIRST_CLASS','2023-08-26','DISABLE',4),(892,20,'A1','FIRST_CLASS','2023-08-26','MIDDLE_BIRTH',4),(893,20,'A1','FIRST_CLASS','2023-08-26','LOWER_BERTH',4),(894,20,'A1','FIRST_CLASS','2023-08-26','UPPER_BERTH',4),(895,20,'A1','FIRST_CLASS','2023-08-26','WINDOW_BERTH',4),(896,20,'B1','SECOND_CLASS','2023-08-26','DISABLE',4),(897,20,'B1','SECOND_CLASS','2023-08-26','MIDDLE_BIRTH',4),(898,20,'B1','SECOND_CLASS','2023-08-26','LOWER_BERTH',4),(899,20,'B1','SECOND_CLASS','2023-08-26','UPPER_BERTH',4),(900,20,'B1','SECOND_CLASS','2023-08-26','WINDOW_BERTH',4),(901,20,'C4','SLEEPER_CLASS','2023-08-26','DISABLE',4),(902,20,'C4','SLEEPER_CLASS','2023-08-26','MIDDLE_BIRTH',4),(903,20,'C4','SLEEPER_CLASS','2023-08-26','LOWER_BERTH',4),(904,20,'C4','SLEEPER_CLASS','2023-08-26','UPPER_BERTH',4),(905,20,'C4','SLEEPER_CLASS','2023-08-26','WINDOW_BERTH',4),(906,20,'S3','GENERAL','2023-08-26','DISABLE',4),(907,20,'S3','GENERAL','2023-08-26','MIDDLE_BIRTH',4),(908,20,'S3','GENERAL','2023-08-26','LOWER_BERTH',4),(909,20,'S3','GENERAL','2023-08-26','UPPER_BERTH',4),(910,20,'S3','GENERAL','2023-08-26','WINDOW_BERTH',4),(911,20,'C3','SLEEPER_CLASS','2023-08-26','DISABLE',4),(912,20,'C3','SLEEPER_CLASS','2023-08-26','MIDDLE_BIRTH',4),(913,20,'C3','SLEEPER_CLASS','2023-08-26','LOWER_BERTH',4),(914,20,'C3','SLEEPER_CLASS','2023-08-26','UPPER_BERTH',4),(915,20,'C3','SLEEPER_CLASS','2023-08-26','WINDOW_BERTH',4),(916,20,'C2','SLEEPER_CLASS','2023-08-26','DISABLE',4),(917,20,'C2','SLEEPER_CLASS','2023-08-26','MIDDLE_BIRTH',4),(918,20,'C2','SLEEPER_CLASS','2023-08-26','LOWER_BERTH',4),(919,20,'C2','SLEEPER_CLASS','2023-08-26','UPPER_BERTH',4),(920,20,'C2','SLEEPER_CLASS','2023-08-26','WINDOW_BERTH',4),(921,20,'S2','GENERAL','2023-08-26','DISABLE',4),(922,20,'S2','GENERAL','2023-08-26','MIDDLE_BIRTH',4),(923,20,'S2','GENERAL','2023-08-26','LOWER_BERTH',4),(924,20,'S2','GENERAL','2023-08-26','UPPER_BERTH',4),(925,20,'S2','GENERAL','2023-08-26','WINDOW_BERTH',4),(926,20,'S1','GENERAL','2023-08-26','DISABLE',4),(927,20,'S1','GENERAL','2023-08-26','MIDDLE_BIRTH',4),(928,20,'S1','GENERAL','2023-08-26','LOWER_BERTH',4),(929,20,'S1','GENERAL','2023-08-26','UPPER_BERTH',4),(930,20,'S1','GENERAL','2023-08-26','WINDOW_BERTH',4),(1021,20,'A1','FIRST_CLASS','2023-08-27','DISABLE',1),(1022,20,'A1','FIRST_CLASS','2023-08-27','MIDDLE_BIRTH',1),(1023,20,'A1','FIRST_CLASS','2023-08-27','LOWER_BERTH',1),(1024,20,'A1','FIRST_CLASS','2023-08-27','UPPER_BERTH',1),(1025,20,'A1','FIRST_CLASS','2023-08-27','WINDOW_BERTH',1),(1026,20,'B1','SECOND_CLASS','2023-08-27','DISABLE',1),(1027,20,'B1','SECOND_CLASS','2023-08-27','MIDDLE_BIRTH',1),(1028,20,'B1','SECOND_CLASS','2023-08-27','LOWER_BERTH',1),(1029,20,'B1','SECOND_CLASS','2023-08-27','UPPER_BERTH',1),(1030,20,'B1','SECOND_CLASS','2023-08-27','WINDOW_BERTH',1),(1031,20,'C1','SLEEPER_CLASS','2023-08-27','DISABLE',1),(1032,20,'C1','SLEEPER_CLASS','2023-08-27','MIDDLE_BIRTH',1),(1033,20,'C1','SLEEPER_CLASS','2023-08-27','LOWER_BERTH',1),(1034,20,'C2','SLEEPER_CLASS','2023-08-27','UPPER_BERTH',1),(1035,20,'C2','SLEEPER_CLASS','2023-08-27','WINDOW_BERTH',1),(1036,20,'S1','GENERAL','2023-08-27','DISABLE',1),(1037,20,'S1','GENERAL','2023-08-27','MIDDLE_BIRTH',1),(1038,20,'S1','GENERAL','2023-08-27','LOWER_BERTH',1),(1039,20,'S1','GENERAL','2023-08-27','UPPER_BERTH',1),(1040,20,'S1','GENERAL','2023-08-27','WINDOW_BERTH',1),(1041,20,'S2','GENERAL','2023-08-27','DISABLE',1),(1042,20,'S2','GENERAL','2023-08-27','MIDDLE_BIRTH',1),(1043,20,'S2','GENERAL','2023-08-27','LOWER_BERTH',1),(1044,20,'S2','GENERAL','2023-08-27','UPPER_BERTH',1),(1045,20,'S2','GENERAL','2023-08-27','WINDOW_BERTH',1),(1046,20,'S3','GENERAL','2023-08-27','DISABLE',1),(1047,20,'S3','GENERAL','2023-08-27','MIDDLE_BIRTH',1),(1048,20,'S3','GENERAL','2023-08-27','LOWER_BERTH',1),(1049,20,'S3','GENERAL','2023-08-27','UPPER_BERTH',1),(1050,20,'S3','GENERAL','2023-08-27','WINDOW_BERTH',1),(1051,20,'C2','SLEEPER_CLASS','2023-08-27','DISABLE',1),(1052,20,'C2','SLEEPER_CLASS','2023-08-27','MIDDLE_BIRTH',1),(1053,20,'C2','SLEEPER_CLASS','2023-08-27','LOWER_BERTH',1),(1054,20,'C2','SLEEPER_CLASS','2023-08-27','UPPER_BERTH',1),(1055,20,'C2','SLEEPER_CLASS','2023-08-27','WINDOW_BERTH',1),(1056,20,'C3','SLEEPER_CLASS','2023-08-27','DISABLE',1),(1057,20,'C3','SLEEPER_CLASS','2023-08-27','MIDDLE_BIRTH',1),(1058,20,'C3','SLEEPER_CLASS','2023-08-27','LOWER_BERTH',1),(1059,20,'C3','SLEEPER_CLASS','2023-08-27','UPPER_BERTH',1),(1060,20,'C3','SLEEPER_CLASS','2023-08-27','WINDOW_BERTH',1),(1061,20,'C4','SLEEPER_CLASS','2023-08-27','DISABLE',1),(1062,20,'C4','SLEEPER_CLASS','2023-08-27','MIDDLE_BIRTH',1),(1063,20,'C4','SLEEPER_CLASS','2023-08-27','LOWER_BERTH',1),(1064,20,'C4','SLEEPER_CLASS','2023-08-27','UPPER_BERTH',1),(1065,20,'C4','SLEEPER_CLASS','2023-08-27','WINDOW_BERTH',1),(1066,20,'A1','FIRST_CLASS','2023-08-27','DISABLE',2),(1067,20,'A1','FIRST_CLASS','2023-08-27','MIDDLE_BIRTH',2),(1068,20,'A1','FIRST_CLASS','2023-08-27','LOWER_BERTH',2),(1069,20,'A1','FIRST_CLASS','2023-08-27','UPPER_BERTH',2),(1070,20,'A1','FIRST_CLASS','2023-08-27','WINDOW_BERTH',2),(1071,20,'B1','SECOND_CLASS','2023-08-27','DISABLE',2),(1072,20,'B1','SECOND_CLASS','2023-08-27','MIDDLE_BIRTH',2),(1073,20,'B1','SECOND_CLASS','2023-08-27','LOWER_BERTH',2),(1074,20,'B1','SECOND_CLASS','2023-08-27','UPPER_BERTH',2),(1075,20,'B1','SECOND_CLASS','2023-08-27','WINDOW_BERTH',2),(1076,20,'C4','SLEEPER_CLASS','2023-08-27','DISABLE',2),(1077,20,'C4','SLEEPER_CLASS','2023-08-27','MIDDLE_BIRTH',2),(1078,20,'C4','SLEEPER_CLASS','2023-08-27','LOWER_BERTH',2),(1079,20,'C4','SLEEPER_CLASS','2023-08-27','UPPER_BERTH',2),(1080,20,'C4','SLEEPER_CLASS','2023-08-27','WINDOW_BERTH',2),(1081,20,'S3','GENERAL','2023-08-27','DISABLE',2),(1082,20,'S3','GENERAL','2023-08-27','MIDDLE_BIRTH',2),(1083,20,'S3','GENERAL','2023-08-27','LOWER_BERTH',2),(1084,20,'S3','GENERAL','2023-08-27','UPPER_BERTH',2),(1085,20,'S3','GENERAL','2023-08-27','WINDOW_BERTH',2),(1086,20,'C3','SLEEPER_CLASS','2023-08-27','DISABLE',2),(1087,20,'C3','SLEEPER_CLASS','2023-08-27','MIDDLE_BIRTH',2),(1088,20,'C3','SLEEPER_CLASS','2023-08-27','LOWER_BERTH',2),(1089,20,'C3','SLEEPER_CLASS','2023-08-27','UPPER_BERTH',2),(1090,20,'C3','SLEEPER_CLASS','2023-08-27','WINDOW_BERTH',2),(1091,20,'C2','SLEEPER_CLASS','2023-08-27','DISABLE',2),(1092,20,'C2','SLEEPER_CLASS','2023-08-27','MIDDLE_BIRTH',2),(1093,20,'C2','SLEEPER_CLASS','2023-08-27','LOWER_BERTH',2),(1094,20,'C2','SLEEPER_CLASS','2023-08-27','UPPER_BERTH',2),(1095,20,'C2','SLEEPER_CLASS','2023-08-27','WINDOW_BERTH',2),(1096,20,'S2','GENERAL','2023-08-27','DISABLE',2),(1097,20,'S2','GENERAL','2023-08-27','MIDDLE_BIRTH',2),(1098,20,'S2','GENERAL','2023-08-27','LOWER_BERTH',2),(1099,20,'S2','GENERAL','2023-08-27','UPPER_BERTH',2),(1100,20,'S2','GENERAL','2023-08-27','WINDOW_BERTH',2),(1101,20,'S1','GENERAL','2023-08-27','DISABLE',2),(1102,20,'S1','GENERAL','2023-08-27','MIDDLE_BIRTH',2),(1103,20,'S1','GENERAL','2023-08-27','LOWER_BERTH',2),(1104,20,'S1','GENERAL','2023-08-27','UPPER_BERTH',2),(1105,20,'S1','GENERAL','2023-08-27','WINDOW_BERTH',2),(1106,20,'A1','FIRST_CLASS','2023-08-27','DISABLE',3),(1107,20,'A1','FIRST_CLASS','2023-08-27','MIDDLE_BIRTH',3),(1108,20,'A1','FIRST_CLASS','2023-08-27','LOWER_BERTH',3),(1109,20,'A1','FIRST_CLASS','2023-08-27','UPPER_BERTH',3),(1110,20,'A1','FIRST_CLASS','2023-08-27','WINDOW_BERTH',3),(1111,20,'B1','SECOND_CLASS','2023-08-27','DISABLE',3),(1112,20,'B1','SECOND_CLASS','2023-08-27','MIDDLE_BIRTH',3),(1113,20,'B1','SECOND_CLASS','2023-08-27','LOWER_BERTH',3),(1114,20,'B1','SECOND_CLASS','2023-08-27','UPPER_BERTH',3),(1115,20,'B1','SECOND_CLASS','2023-08-27','WINDOW_BERTH',3),(1116,20,'C4','SLEEPER_CLASS','2023-08-27','DISABLE',3),(1117,20,'C4','SLEEPER_CLASS','2023-08-27','MIDDLE_BIRTH',3),(1118,20,'C4','SLEEPER_CLASS','2023-08-27','LOWER_BERTH',3),(1119,20,'C4','SLEEPER_CLASS','2023-08-27','UPPER_BERTH',3),(1120,20,'C4','SLEEPER_CLASS','2023-08-27','WINDOW_BERTH',3),(1121,20,'S3','GENERAL','2023-08-27','DISABLE',3),(1122,20,'S3','GENERAL','2023-08-27','MIDDLE_BIRTH',3),(1123,20,'S3','GENERAL','2023-08-27','LOWER_BERTH',3),(1124,20,'S3','GENERAL','2023-08-27','UPPER_BERTH',3),(1125,20,'S3','GENERAL','2023-08-27','WINDOW_BERTH',3),(1126,20,'C3','SLEEPER_CLASS','2023-08-27','DISABLE',3),(1127,20,'C3','SLEEPER_CLASS','2023-08-27','MIDDLE_BIRTH',3),(1128,20,'C3','SLEEPER_CLASS','2023-08-27','LOWER_BERTH',3),(1129,20,'C3','SLEEPER_CLASS','2023-08-27','UPPER_BERTH',3),(1130,20,'C3','SLEEPER_CLASS','2023-08-27','WINDOW_BERTH',3),(1131,20,'C2','SLEEPER_CLASS','2023-08-27','DISABLE',3),(1132,20,'C2','SLEEPER_CLASS','2023-08-27','MIDDLE_BIRTH',3),(1133,20,'C2','SLEEPER_CLASS','2023-08-27','LOWER_BERTH',3),(1134,20,'C2','SLEEPER_CLASS','2023-08-27','UPPER_BERTH',3),(1135,20,'C2','SLEEPER_CLASS','2023-08-27','WINDOW_BERTH',3),(1136,20,'S2','GENERAL','2023-08-27','DISABLE',3),(1137,20,'S2','GENERAL','2023-08-27','MIDDLE_BIRTH',3),(1138,20,'S2','GENERAL','2023-08-27','LOWER_BERTH',3),(1139,20,'S2','GENERAL','2023-08-27','UPPER_BERTH',3),(1140,20,'S2','GENERAL','2023-08-27','WINDOW_BERTH',3),(1141,20,'S1','GENERAL','2023-08-27','DISABLE',3),(1142,20,'S1','GENERAL','2023-08-27','MIDDLE_BIRTH',3),(1143,20,'S1','GENERAL','2023-08-27','LOWER_BERTH',3),(1144,20,'S1','GENERAL','2023-08-27','UPPER_BERTH',3),(1145,20,'S1','GENERAL','2023-08-27','WINDOW_BERTH',3),(1146,20,'A1','FIRST_CLASS','2023-08-27','DISABLE',4),(1147,20,'A1','FIRST_CLASS','2023-08-27','MIDDLE_BIRTH',4),(1148,20,'A1','FIRST_CLASS','2023-08-27','LOWER_BERTH',4),(1149,20,'A1','FIRST_CLASS','2023-08-27','UPPER_BERTH',4),(1150,20,'A1','FIRST_CLASS','2023-08-27','WINDOW_BERTH',4),(1151,20,'B1','SECOND_CLASS','2023-08-27','DISABLE',4),(1152,20,'B1','SECOND_CLASS','2023-08-27','MIDDLE_BIRTH',4),(1153,20,'B1','SECOND_CLASS','2023-08-27','LOWER_BERTH',4),(1154,20,'B1','SECOND_CLASS','2023-08-27','UPPER_BERTH',4),(1155,20,'B1','SECOND_CLASS','2023-08-27','WINDOW_BERTH',4),(1156,20,'C4','SLEEPER_CLASS','2023-08-27','DISABLE',4),(1157,20,'C4','SLEEPER_CLASS','2023-08-27','MIDDLE_BIRTH',4),(1158,20,'C4','SLEEPER_CLASS','2023-08-27','LOWER_BERTH',4),(1159,20,'C4','SLEEPER_CLASS','2023-08-27','UPPER_BERTH',4),(1160,20,'C4','SLEEPER_CLASS','2023-08-27','WINDOW_BERTH',4),(1161,20,'S3','GENERAL','2023-08-27','DISABLE',4),(1162,20,'S3','GENERAL','2023-08-27','MIDDLE_BIRTH',4),(1163,20,'S3','GENERAL','2023-08-27','LOWER_BERTH',4),(1164,20,'S3','GENERAL','2023-08-27','UPPER_BERTH',4),(1165,20,'S3','GENERAL','2023-08-27','WINDOW_BERTH',4),(1166,20,'C3','SLEEPER_CLASS','2023-08-27','DISABLE',4),(1167,20,'C3','SLEEPER_CLASS','2023-08-27','MIDDLE_BIRTH',4),(1168,20,'C3','SLEEPER_CLASS','2023-08-27','LOWER_BERTH',4),(1169,20,'C3','SLEEPER_CLASS','2023-08-27','UPPER_BERTH',4),(1170,20,'C3','SLEEPER_CLASS','2023-08-27','WINDOW_BERTH',4),(1171,20,'C2','SLEEPER_CLASS','2023-08-27','DISABLE',4),(1172,20,'C2','SLEEPER_CLASS','2023-08-27','MIDDLE_BIRTH',4),(1173,20,'C2','SLEEPER_CLASS','2023-08-27','LOWER_BERTH',4),(1174,20,'C2','SLEEPER_CLASS','2023-08-27','UPPER_BERTH',4),(1175,20,'C2','SLEEPER_CLASS','2023-08-27','WINDOW_BERTH',4),(1176,20,'S2','GENERAL','2023-08-27','DISABLE',4),(1177,20,'S2','GENERAL','2023-08-27','MIDDLE_BIRTH',4),(1178,20,'S2','GENERAL','2023-08-27','LOWER_BERTH',4),(1179,20,'S2','GENERAL','2023-08-27','UPPER_BERTH',4),(1180,20,'S2','GENERAL','2023-08-27','WINDOW_BERTH',4),(1181,20,'S1','GENERAL','2023-08-27','DISABLE',4),(1182,20,'S1','GENERAL','2023-08-27','MIDDLE_BIRTH',4),(1183,20,'S1','GENERAL','2023-08-27','LOWER_BERTH',4),(1184,20,'S1','GENERAL','2023-08-27','UPPER_BERTH',4),(1185,20,'S1','GENERAL','2023-08-27','WINDOW_BERTH',4),(1276,20,'A1','FIRST_CLASS','2023-08-28','DISABLE',1),(1277,20,'A1','FIRST_CLASS','2023-08-28','MIDDLE_BIRTH',1),(1278,20,'A1','FIRST_CLASS','2023-08-28','LOWER_BERTH',1),(1279,20,'A1','FIRST_CLASS','2023-08-28','UPPER_BERTH',1),(1280,20,'A1','FIRST_CLASS','2023-08-28','WINDOW_BERTH',1),(1281,20,'B1','SECOND_CLASS','2023-08-28','DISABLE',1),(1282,20,'B1','SECOND_CLASS','2023-08-28','MIDDLE_BIRTH',1),(1283,20,'B1','SECOND_CLASS','2023-08-28','LOWER_BERTH',1),(1284,20,'B1','SECOND_CLASS','2023-08-28','UPPER_BERTH',1),(1285,20,'B1','SECOND_CLASS','2023-08-28','WINDOW_BERTH',1),(1286,20,'C1','SLEEPER_CLASS','2023-08-28','DISABLE',1),(1287,20,'C1','SLEEPER_CLASS','2023-08-28','MIDDLE_BIRTH',1),(1288,20,'C1','SLEEPER_CLASS','2023-08-28','LOWER_BERTH',1),(1289,20,'C2','SLEEPER_CLASS','2023-08-28','UPPER_BERTH',1),(1290,20,'C2','SLEEPER_CLASS','2023-08-28','WINDOW_BERTH',1),(1291,20,'S1','GENERAL','2023-08-28','DISABLE',1),(1292,20,'S1','GENERAL','2023-08-28','MIDDLE_BIRTH',1),(1293,20,'S1','GENERAL','2023-08-28','LOWER_BERTH',1),(1294,20,'S1','GENERAL','2023-08-28','UPPER_BERTH',1),(1295,20,'S1','GENERAL','2023-08-28','WINDOW_BERTH',1),(1296,20,'S2','GENERAL','2023-08-28','DISABLE',1),(1297,20,'S2','GENERAL','2023-08-28','MIDDLE_BIRTH',1),(1298,20,'S2','GENERAL','2023-08-28','LOWER_BERTH',1),(1299,20,'S2','GENERAL','2023-08-28','UPPER_BERTH',1),(1300,20,'S2','GENERAL','2023-08-28','WINDOW_BERTH',1),(1301,20,'S3','GENERAL','2023-08-28','DISABLE',1),(1302,20,'S3','GENERAL','2023-08-28','MIDDLE_BIRTH',1),(1303,20,'S3','GENERAL','2023-08-28','LOWER_BERTH',1),(1304,20,'S3','GENERAL','2023-08-28','UPPER_BERTH',1),(1305,20,'S3','GENERAL','2023-08-28','WINDOW_BERTH',1),(1306,20,'C2','SLEEPER_CLASS','2023-08-28','DISABLE',1),(1307,20,'C2','SLEEPER_CLASS','2023-08-28','MIDDLE_BIRTH',1),(1308,20,'C2','SLEEPER_CLASS','2023-08-28','LOWER_BERTH',1),(1309,20,'C2','SLEEPER_CLASS','2023-08-28','UPPER_BERTH',1),(1310,20,'C2','SLEEPER_CLASS','2023-08-28','WINDOW_BERTH',1),(1311,20,'C3','SLEEPER_CLASS','2023-08-28','DISABLE',1),(1312,20,'C3','SLEEPER_CLASS','2023-08-28','MIDDLE_BIRTH',1),(1313,20,'C3','SLEEPER_CLASS','2023-08-28','LOWER_BERTH',1),(1314,20,'C3','SLEEPER_CLASS','2023-08-28','UPPER_BERTH',1),(1315,20,'C3','SLEEPER_CLASS','2023-08-28','WINDOW_BERTH',1),(1316,20,'C4','SLEEPER_CLASS','2023-08-28','DISABLE',1),(1317,20,'C4','SLEEPER_CLASS','2023-08-28','MIDDLE_BIRTH',1),(1318,20,'C4','SLEEPER_CLASS','2023-08-28','LOWER_BERTH',1),(1319,20,'C4','SLEEPER_CLASS','2023-08-28','UPPER_BERTH',1),(1320,20,'C4','SLEEPER_CLASS','2023-08-28','WINDOW_BERTH',1),(1321,20,'A1','FIRST_CLASS','2023-08-28','DISABLE',2),(1322,20,'A1','FIRST_CLASS','2023-08-28','MIDDLE_BIRTH',2),(1323,20,'A1','FIRST_CLASS','2023-08-28','LOWER_BERTH',2),(1324,20,'A1','FIRST_CLASS','2023-08-28','UPPER_BERTH',2),(1325,19,'A1','FIRST_CLASS','2023-08-28','WINDOW_BERTH',2),(1326,20,'B1','SECOND_CLASS','2023-08-28','DISABLE',2),(1327,20,'B1','SECOND_CLASS','2023-08-28','MIDDLE_BIRTH',2),(1328,20,'B1','SECOND_CLASS','2023-08-28','LOWER_BERTH',2),(1329,20,'B1','SECOND_CLASS','2023-08-28','UPPER_BERTH',2),(1330,20,'B1','SECOND_CLASS','2023-08-28','WINDOW_BERTH',2),(1331,20,'C4','SLEEPER_CLASS','2023-08-28','DISABLE',2),(1332,20,'C4','SLEEPER_CLASS','2023-08-28','MIDDLE_BIRTH',2),(1333,20,'C4','SLEEPER_CLASS','2023-08-28','LOWER_BERTH',2),(1334,20,'C4','SLEEPER_CLASS','2023-08-28','UPPER_BERTH',2),(1335,20,'C4','SLEEPER_CLASS','2023-08-28','WINDOW_BERTH',2),(1336,20,'S3','GENERAL','2023-08-28','DISABLE',2),(1337,20,'S3','GENERAL','2023-08-28','MIDDLE_BIRTH',2),(1338,20,'S3','GENERAL','2023-08-28','LOWER_BERTH',2),(1339,20,'S3','GENERAL','2023-08-28','UPPER_BERTH',2),(1340,20,'S3','GENERAL','2023-08-28','WINDOW_BERTH',2),(1341,20,'C3','SLEEPER_CLASS','2023-08-28','DISABLE',2),(1342,20,'C3','SLEEPER_CLASS','2023-08-28','MIDDLE_BIRTH',2),(1343,20,'C3','SLEEPER_CLASS','2023-08-28','LOWER_BERTH',2),(1344,20,'C3','SLEEPER_CLASS','2023-08-28','UPPER_BERTH',2),(1345,20,'C3','SLEEPER_CLASS','2023-08-28','WINDOW_BERTH',2),(1346,20,'C2','SLEEPER_CLASS','2023-08-28','DISABLE',2),(1347,20,'C2','SLEEPER_CLASS','2023-08-28','MIDDLE_BIRTH',2),(1348,20,'C2','SLEEPER_CLASS','2023-08-28','LOWER_BERTH',2),(1349,20,'C2','SLEEPER_CLASS','2023-08-28','UPPER_BERTH',2),(1350,20,'C2','SLEEPER_CLASS','2023-08-28','WINDOW_BERTH',2),(1351,20,'S2','GENERAL','2023-08-28','DISABLE',2),(1352,20,'S2','GENERAL','2023-08-28','MIDDLE_BIRTH',2),(1353,20,'S2','GENERAL','2023-08-28','LOWER_BERTH',2),(1354,20,'S2','GENERAL','2023-08-28','UPPER_BERTH',2),(1355,20,'S2','GENERAL','2023-08-28','WINDOW_BERTH',2),(1356,20,'S1','GENERAL','2023-08-28','DISABLE',2),(1357,20,'S1','GENERAL','2023-08-28','MIDDLE_BIRTH',2),(1358,20,'S1','GENERAL','2023-08-28','LOWER_BERTH',2),(1359,20,'S1','GENERAL','2023-08-28','UPPER_BERTH',2),(1360,20,'S1','GENERAL','2023-08-28','WINDOW_BERTH',2),(1361,20,'A1','FIRST_CLASS','2023-08-28','DISABLE',3),(1362,20,'A1','FIRST_CLASS','2023-08-28','MIDDLE_BIRTH',3),(1363,20,'A1','FIRST_CLASS','2023-08-28','LOWER_BERTH',3),(1364,20,'A1','FIRST_CLASS','2023-08-28','UPPER_BERTH',3),(1365,20,'A1','FIRST_CLASS','2023-08-28','WINDOW_BERTH',3),(1366,20,'B1','SECOND_CLASS','2023-08-28','DISABLE',3),(1367,20,'B1','SECOND_CLASS','2023-08-28','MIDDLE_BIRTH',3),(1368,20,'B1','SECOND_CLASS','2023-08-28','LOWER_BERTH',3),(1369,20,'B1','SECOND_CLASS','2023-08-28','UPPER_BERTH',3),(1370,20,'B1','SECOND_CLASS','2023-08-28','WINDOW_BERTH',3),(1371,20,'C4','SLEEPER_CLASS','2023-08-28','DISABLE',3),(1372,20,'C4','SLEEPER_CLASS','2023-08-28','MIDDLE_BIRTH',3),(1373,20,'C4','SLEEPER_CLASS','2023-08-28','LOWER_BERTH',3),(1374,20,'C4','SLEEPER_CLASS','2023-08-28','UPPER_BERTH',3),(1375,20,'C4','SLEEPER_CLASS','2023-08-28','WINDOW_BERTH',3),(1376,20,'S3','GENERAL','2023-08-28','DISABLE',3),(1377,20,'S3','GENERAL','2023-08-28','MIDDLE_BIRTH',3),(1378,20,'S3','GENERAL','2023-08-28','LOWER_BERTH',3),(1379,20,'S3','GENERAL','2023-08-28','UPPER_BERTH',3),(1380,20,'S3','GENERAL','2023-08-28','WINDOW_BERTH',3),(1381,20,'C3','SLEEPER_CLASS','2023-08-28','DISABLE',3),(1382,20,'C3','SLEEPER_CLASS','2023-08-28','MIDDLE_BIRTH',3),(1383,20,'C3','SLEEPER_CLASS','2023-08-28','LOWER_BERTH',3),(1384,20,'C3','SLEEPER_CLASS','2023-08-28','UPPER_BERTH',3),(1385,20,'C3','SLEEPER_CLASS','2023-08-28','WINDOW_BERTH',3),(1386,20,'C2','SLEEPER_CLASS','2023-08-28','DISABLE',3),(1387,20,'C2','SLEEPER_CLASS','2023-08-28','MIDDLE_BIRTH',3),(1388,20,'C2','SLEEPER_CLASS','2023-08-28','LOWER_BERTH',3),(1389,20,'C2','SLEEPER_CLASS','2023-08-28','UPPER_BERTH',3),(1390,20,'C2','SLEEPER_CLASS','2023-08-28','WINDOW_BERTH',3),(1391,20,'S2','GENERAL','2023-08-28','DISABLE',3),(1392,20,'S2','GENERAL','2023-08-28','MIDDLE_BIRTH',3),(1393,20,'S2','GENERAL','2023-08-28','LOWER_BERTH',3),(1394,20,'S2','GENERAL','2023-08-28','UPPER_BERTH',3),(1395,20,'S2','GENERAL','2023-08-28','WINDOW_BERTH',3),(1396,20,'S1','GENERAL','2023-08-28','DISABLE',3),(1397,20,'S1','GENERAL','2023-08-28','MIDDLE_BIRTH',3),(1398,20,'S1','GENERAL','2023-08-28','LOWER_BERTH',3),(1399,20,'S1','GENERAL','2023-08-28','UPPER_BERTH',3),(1400,20,'S1','GENERAL','2023-08-28','WINDOW_BERTH',3),(1401,20,'A1','FIRST_CLASS','2023-08-28','DISABLE',4),(1402,20,'A1','FIRST_CLASS','2023-08-28','MIDDLE_BIRTH',4),(1403,20,'A1','FIRST_CLASS','2023-08-28','LOWER_BERTH',4),(1404,20,'A1','FIRST_CLASS','2023-08-28','UPPER_BERTH',4),(1405,20,'A1','FIRST_CLASS','2023-08-28','WINDOW_BERTH',4),(1406,20,'B1','SECOND_CLASS','2023-08-28','DISABLE',4),(1407,20,'B1','SECOND_CLASS','2023-08-28','MIDDLE_BIRTH',4),(1408,20,'B1','SECOND_CLASS','2023-08-28','LOWER_BERTH',4),(1409,20,'B1','SECOND_CLASS','2023-08-28','UPPER_BERTH',4),(1410,20,'B1','SECOND_CLASS','2023-08-28','WINDOW_BERTH',4),(1411,20,'C4','SLEEPER_CLASS','2023-08-28','DISABLE',4),(1412,20,'C4','SLEEPER_CLASS','2023-08-28','MIDDLE_BIRTH',4),(1413,20,'C4','SLEEPER_CLASS','2023-08-28','LOWER_BERTH',4),(1414,20,'C4','SLEEPER_CLASS','2023-08-28','UPPER_BERTH',4),(1415,20,'C4','SLEEPER_CLASS','2023-08-28','WINDOW_BERTH',4),(1416,20,'S3','GENERAL','2023-08-28','DISABLE',4),(1417,20,'S3','GENERAL','2023-08-28','MIDDLE_BIRTH',4),(1418,20,'S3','GENERAL','2023-08-28','LOWER_BERTH',4),(1419,20,'S3','GENERAL','2023-08-28','UPPER_BERTH',4),(1420,20,'S3','GENERAL','2023-08-28','WINDOW_BERTH',4),(1421,20,'C3','SLEEPER_CLASS','2023-08-28','DISABLE',4),(1422,20,'C3','SLEEPER_CLASS','2023-08-28','MIDDLE_BIRTH',4),(1423,20,'C3','SLEEPER_CLASS','2023-08-28','LOWER_BERTH',4),(1424,20,'C3','SLEEPER_CLASS','2023-08-28','UPPER_BERTH',4),(1425,20,'C3','SLEEPER_CLASS','2023-08-28','WINDOW_BERTH',4),(1426,20,'C2','SLEEPER_CLASS','2023-08-28','DISABLE',4),(1427,20,'C2','SLEEPER_CLASS','2023-08-28','MIDDLE_BIRTH',4),(1428,20,'C2','SLEEPER_CLASS','2023-08-28','LOWER_BERTH',4),(1429,20,'C2','SLEEPER_CLASS','2023-08-28','UPPER_BERTH',4),(1430,20,'C2','SLEEPER_CLASS','2023-08-28','WINDOW_BERTH',4),(1431,20,'S2','GENERAL','2023-08-28','DISABLE',4),(1432,20,'S2','GENERAL','2023-08-28','MIDDLE_BIRTH',4),(1433,20,'S2','GENERAL','2023-08-28','LOWER_BERTH',4),(1434,20,'S2','GENERAL','2023-08-28','UPPER_BERTH',4),(1435,20,'S2','GENERAL','2023-08-28','WINDOW_BERTH',4),(1436,20,'S1','GENERAL','2023-08-28','DISABLE',4),(1437,20,'S1','GENERAL','2023-08-28','MIDDLE_BIRTH',4),(1438,20,'S1','GENERAL','2023-08-28','LOWER_BERTH',4),(1439,20,'S1','GENERAL','2023-08-28','UPPER_BERTH',4),(1440,20,'S1','GENERAL','2023-08-28','WINDOW_BERTH',4),(1531,20,'A1','FIRST_CLASS','2023-08-29','DISABLE',1),(1532,20,'A1','FIRST_CLASS','2023-08-29','MIDDLE_BIRTH',1),(1533,20,'A1','FIRST_CLASS','2023-08-29','LOWER_BERTH',1),(1534,20,'A1','FIRST_CLASS','2023-08-29','UPPER_BERTH',1),(1535,20,'A1','FIRST_CLASS','2023-08-29','WINDOW_BERTH',1),(1536,20,'B1','SECOND_CLASS','2023-08-29','DISABLE',1),(1537,20,'B1','SECOND_CLASS','2023-08-29','MIDDLE_BIRTH',1),(1538,20,'B1','SECOND_CLASS','2023-08-29','LOWER_BERTH',1),(1539,20,'B1','SECOND_CLASS','2023-08-29','UPPER_BERTH',1),(1540,20,'B1','SECOND_CLASS','2023-08-29','WINDOW_BERTH',1),(1541,20,'C1','SLEEPER_CLASS','2023-08-29','DISABLE',1),(1542,20,'C1','SLEEPER_CLASS','2023-08-29','MIDDLE_BIRTH',1),(1543,20,'C1','SLEEPER_CLASS','2023-08-29','LOWER_BERTH',1),(1544,20,'C2','SLEEPER_CLASS','2023-08-29','UPPER_BERTH',1),(1545,20,'C2','SLEEPER_CLASS','2023-08-29','WINDOW_BERTH',1),(1546,20,'S1','GENERAL','2023-08-29','DISABLE',1),(1547,20,'S1','GENERAL','2023-08-29','MIDDLE_BIRTH',1),(1548,20,'S1','GENERAL','2023-08-29','LOWER_BERTH',1),(1549,20,'S1','GENERAL','2023-08-29','UPPER_BERTH',1),(1550,20,'S1','GENERAL','2023-08-29','WINDOW_BERTH',1),(1551,20,'S2','GENERAL','2023-08-29','DISABLE',1),(1552,20,'S2','GENERAL','2023-08-29','MIDDLE_BIRTH',1),(1553,20,'S2','GENERAL','2023-08-29','LOWER_BERTH',1),(1554,20,'S2','GENERAL','2023-08-29','UPPER_BERTH',1),(1555,20,'S2','GENERAL','2023-08-29','WINDOW_BERTH',1),(1556,20,'S3','GENERAL','2023-08-29','DISABLE',1),(1557,20,'S3','GENERAL','2023-08-29','MIDDLE_BIRTH',1),(1558,20,'S3','GENERAL','2023-08-29','LOWER_BERTH',1),(1559,20,'S3','GENERAL','2023-08-29','UPPER_BERTH',1),(1560,20,'S3','GENERAL','2023-08-29','WINDOW_BERTH',1),(1561,20,'C2','SLEEPER_CLASS','2023-08-29','DISABLE',1),(1562,20,'C2','SLEEPER_CLASS','2023-08-29','MIDDLE_BIRTH',1),(1563,20,'C2','SLEEPER_CLASS','2023-08-29','LOWER_BERTH',1),(1564,20,'C2','SLEEPER_CLASS','2023-08-29','UPPER_BERTH',1),(1565,20,'C2','SLEEPER_CLASS','2023-08-29','WINDOW_BERTH',1),(1566,20,'C3','SLEEPER_CLASS','2023-08-29','DISABLE',1),(1567,20,'C3','SLEEPER_CLASS','2023-08-29','MIDDLE_BIRTH',1),(1568,20,'C3','SLEEPER_CLASS','2023-08-29','LOWER_BERTH',1),(1569,20,'C3','SLEEPER_CLASS','2023-08-29','UPPER_BERTH',1),(1570,20,'C3','SLEEPER_CLASS','2023-08-29','WINDOW_BERTH',1),(1571,20,'C4','SLEEPER_CLASS','2023-08-29','DISABLE',1),(1572,20,'C4','SLEEPER_CLASS','2023-08-29','MIDDLE_BIRTH',1),(1573,20,'C4','SLEEPER_CLASS','2023-08-29','LOWER_BERTH',1),(1574,20,'C4','SLEEPER_CLASS','2023-08-29','UPPER_BERTH',1),(1575,20,'C4','SLEEPER_CLASS','2023-08-29','WINDOW_BERTH',1),(1576,20,'A1','FIRST_CLASS','2023-08-29','DISABLE',2),(1577,20,'A1','FIRST_CLASS','2023-08-29','MIDDLE_BIRTH',2),(1578,20,'A1','FIRST_CLASS','2023-08-29','LOWER_BERTH',2),(1579,20,'A1','FIRST_CLASS','2023-08-29','UPPER_BERTH',2),(1580,20,'A1','FIRST_CLASS','2023-08-29','WINDOW_BERTH',2),(1581,20,'B1','SECOND_CLASS','2023-08-29','DISABLE',2),(1582,20,'B1','SECOND_CLASS','2023-08-29','MIDDLE_BIRTH',2),(1583,20,'B1','SECOND_CLASS','2023-08-29','LOWER_BERTH',2),(1584,20,'B1','SECOND_CLASS','2023-08-29','UPPER_BERTH',2),(1585,20,'B1','SECOND_CLASS','2023-08-29','WINDOW_BERTH',2),(1586,20,'C4','SLEEPER_CLASS','2023-08-29','DISABLE',2),(1587,20,'C4','SLEEPER_CLASS','2023-08-29','MIDDLE_BIRTH',2),(1588,20,'C4','SLEEPER_CLASS','2023-08-29','LOWER_BERTH',2),(1589,20,'C4','SLEEPER_CLASS','2023-08-29','UPPER_BERTH',2),(1590,20,'C4','SLEEPER_CLASS','2023-08-29','WINDOW_BERTH',2),(1591,20,'S3','GENERAL','2023-08-29','DISABLE',2),(1592,20,'S3','GENERAL','2023-08-29','MIDDLE_BIRTH',2),(1593,20,'S3','GENERAL','2023-08-29','LOWER_BERTH',2),(1594,20,'S3','GENERAL','2023-08-29','UPPER_BERTH',2),(1595,20,'S3','GENERAL','2023-08-29','WINDOW_BERTH',2),(1596,20,'C3','SLEEPER_CLASS','2023-08-29','DISABLE',2),(1597,20,'C3','SLEEPER_CLASS','2023-08-29','MIDDLE_BIRTH',2),(1598,20,'C3','SLEEPER_CLASS','2023-08-29','LOWER_BERTH',2),(1599,20,'C3','SLEEPER_CLASS','2023-08-29','UPPER_BERTH',2),(1600,20,'C3','SLEEPER_CLASS','2023-08-29','WINDOW_BERTH',2),(1601,20,'C2','SLEEPER_CLASS','2023-08-29','DISABLE',2),(1602,20,'C2','SLEEPER_CLASS','2023-08-29','MIDDLE_BIRTH',2),(1603,20,'C2','SLEEPER_CLASS','2023-08-29','LOWER_BERTH',2),(1604,20,'C2','SLEEPER_CLASS','2023-08-29','UPPER_BERTH',2),(1605,20,'C2','SLEEPER_CLASS','2023-08-29','WINDOW_BERTH',2),(1606,20,'S2','GENERAL','2023-08-29','DISABLE',2),(1607,20,'S2','GENERAL','2023-08-29','MIDDLE_BIRTH',2),(1608,20,'S2','GENERAL','2023-08-29','LOWER_BERTH',2),(1609,20,'S2','GENERAL','2023-08-29','UPPER_BERTH',2),(1610,20,'S2','GENERAL','2023-08-29','WINDOW_BERTH',2),(1611,20,'S1','GENERAL','2023-08-29','DISABLE',2),(1612,20,'S1','GENERAL','2023-08-29','MIDDLE_BIRTH',2),(1613,20,'S1','GENERAL','2023-08-29','LOWER_BERTH',2),(1614,20,'S1','GENERAL','2023-08-29','UPPER_BERTH',2),(1615,20,'S1','GENERAL','2023-08-29','WINDOW_BERTH',2),(1616,20,'A1','FIRST_CLASS','2023-08-29','DISABLE',3),(1617,20,'A1','FIRST_CLASS','2023-08-29','MIDDLE_BIRTH',3),(1618,20,'A1','FIRST_CLASS','2023-08-29','LOWER_BERTH',3),(1619,20,'A1','FIRST_CLASS','2023-08-29','UPPER_BERTH',3),(1620,20,'A1','FIRST_CLASS','2023-08-29','WINDOW_BERTH',3),(1621,20,'B1','SECOND_CLASS','2023-08-29','DISABLE',3),(1622,20,'B1','SECOND_CLASS','2023-08-29','MIDDLE_BIRTH',3),(1623,20,'B1','SECOND_CLASS','2023-08-29','LOWER_BERTH',3),(1624,20,'B1','SECOND_CLASS','2023-08-29','UPPER_BERTH',3),(1625,20,'B1','SECOND_CLASS','2023-08-29','WINDOW_BERTH',3),(1626,20,'C4','SLEEPER_CLASS','2023-08-29','DISABLE',3),(1627,20,'C4','SLEEPER_CLASS','2023-08-29','MIDDLE_BIRTH',3),(1628,20,'C4','SLEEPER_CLASS','2023-08-29','LOWER_BERTH',3),(1629,20,'C4','SLEEPER_CLASS','2023-08-29','UPPER_BERTH',3),(1630,20,'C4','SLEEPER_CLASS','2023-08-29','WINDOW_BERTH',3),(1631,20,'S3','GENERAL','2023-08-29','DISABLE',3),(1632,20,'S3','GENERAL','2023-08-29','MIDDLE_BIRTH',3),(1633,20,'S3','GENERAL','2023-08-29','LOWER_BERTH',3),(1634,20,'S3','GENERAL','2023-08-29','UPPER_BERTH',3),(1635,20,'S3','GENERAL','2023-08-29','WINDOW_BERTH',3),(1636,20,'C3','SLEEPER_CLASS','2023-08-29','DISABLE',3),(1637,20,'C3','SLEEPER_CLASS','2023-08-29','MIDDLE_BIRTH',3),(1638,20,'C3','SLEEPER_CLASS','2023-08-29','LOWER_BERTH',3),(1639,20,'C3','SLEEPER_CLASS','2023-08-29','UPPER_BERTH',3),(1640,20,'C3','SLEEPER_CLASS','2023-08-29','WINDOW_BERTH',3),(1641,20,'C2','SLEEPER_CLASS','2023-08-29','DISABLE',3),(1642,20,'C2','SLEEPER_CLASS','2023-08-29','MIDDLE_BIRTH',3),(1643,20,'C2','SLEEPER_CLASS','2023-08-29','LOWER_BERTH',3),(1644,20,'C2','SLEEPER_CLASS','2023-08-29','UPPER_BERTH',3),(1645,20,'C2','SLEEPER_CLASS','2023-08-29','WINDOW_BERTH',3),(1646,20,'S2','GENERAL','2023-08-29','DISABLE',3),(1647,20,'S2','GENERAL','2023-08-29','MIDDLE_BIRTH',3),(1648,20,'S2','GENERAL','2023-08-29','LOWER_BERTH',3),(1649,20,'S2','GENERAL','2023-08-29','UPPER_BERTH',3),(1650,20,'S2','GENERAL','2023-08-29','WINDOW_BERTH',3),(1651,20,'S1','GENERAL','2023-08-29','DISABLE',3),(1652,20,'S1','GENERAL','2023-08-29','MIDDLE_BIRTH',3),(1653,20,'S1','GENERAL','2023-08-29','LOWER_BERTH',3),(1654,20,'S1','GENERAL','2023-08-29','UPPER_BERTH',3),(1655,20,'S1','GENERAL','2023-08-29','WINDOW_BERTH',3),(1656,20,'A1','FIRST_CLASS','2023-08-29','DISABLE',4),(1657,20,'A1','FIRST_CLASS','2023-08-29','MIDDLE_BIRTH',4),(1658,20,'A1','FIRST_CLASS','2023-08-29','LOWER_BERTH',4),(1659,20,'A1','FIRST_CLASS','2023-08-29','UPPER_BERTH',4),(1660,20,'A1','FIRST_CLASS','2023-08-29','WINDOW_BERTH',4),(1661,20,'B1','SECOND_CLASS','2023-08-29','DISABLE',4),(1662,20,'B1','SECOND_CLASS','2023-08-29','MIDDLE_BIRTH',4),(1663,20,'B1','SECOND_CLASS','2023-08-29','LOWER_BERTH',4),(1664,20,'B1','SECOND_CLASS','2023-08-29','UPPER_BERTH',4),(1665,20,'B1','SECOND_CLASS','2023-08-29','WINDOW_BERTH',4),(1666,20,'C4','SLEEPER_CLASS','2023-08-29','DISABLE',4),(1667,20,'C4','SLEEPER_CLASS','2023-08-29','MIDDLE_BIRTH',4),(1668,20,'C4','SLEEPER_CLASS','2023-08-29','LOWER_BERTH',4),(1669,20,'C4','SLEEPER_CLASS','2023-08-29','UPPER_BERTH',4),(1670,20,'C4','SLEEPER_CLASS','2023-08-29','WINDOW_BERTH',4),(1671,20,'S3','GENERAL','2023-08-29','DISABLE',4),(1672,20,'S3','GENERAL','2023-08-29','MIDDLE_BIRTH',4),(1673,20,'S3','GENERAL','2023-08-29','LOWER_BERTH',4),(1674,20,'S3','GENERAL','2023-08-29','UPPER_BERTH',4),(1675,20,'S3','GENERAL','2023-08-29','WINDOW_BERTH',4),(1676,20,'C3','SLEEPER_CLASS','2023-08-29','DISABLE',4),(1677,20,'C3','SLEEPER_CLASS','2023-08-29','MIDDLE_BIRTH',4),(1678,20,'C3','SLEEPER_CLASS','2023-08-29','LOWER_BERTH',4),(1679,20,'C3','SLEEPER_CLASS','2023-08-29','UPPER_BERTH',4),(1680,20,'C3','SLEEPER_CLASS','2023-08-29','WINDOW_BERTH',4),(1681,20,'C2','SLEEPER_CLASS','2023-08-29','DISABLE',4),(1682,20,'C2','SLEEPER_CLASS','2023-08-29','MIDDLE_BIRTH',4),(1683,20,'C2','SLEEPER_CLASS','2023-08-29','LOWER_BERTH',4),(1684,20,'C2','SLEEPER_CLASS','2023-08-29','UPPER_BERTH',4),(1685,20,'C2','SLEEPER_CLASS','2023-08-29','WINDOW_BERTH',4),(1686,20,'S2','GENERAL','2023-08-29','DISABLE',4),(1687,20,'S2','GENERAL','2023-08-29','MIDDLE_BIRTH',4),(1688,20,'S2','GENERAL','2023-08-29','LOWER_BERTH',4),(1689,20,'S2','GENERAL','2023-08-29','UPPER_BERTH',4),(1690,20,'S2','GENERAL','2023-08-29','WINDOW_BERTH',4),(1691,20,'S1','GENERAL','2023-08-29','DISABLE',4),(1692,20,'S1','GENERAL','2023-08-29','MIDDLE_BIRTH',4),(1693,20,'S1','GENERAL','2023-08-29','LOWER_BERTH',4),(1694,20,'S1','GENERAL','2023-08-29','UPPER_BERTH',4),(1695,20,'S1','GENERAL','2023-08-29','WINDOW_BERTH',4);
/*!40000 ALTER TABLE `live_seats` ENABLE KEYS */;
UNLOCK TABLES;

--
-- Table structure for table `passenger_history`
--

DROP TABLE IF EXISTS `passenger_history`;
/*!40101 SET @saved_cs_client     = @@character_set_client */;
/*!50503 SET character_set_client = utf8mb4 */;
CREATE TABLE `passenger_history` (
  `id` bigint NOT NULL AUTO_INCREMENT,
  `pnr` varchar(10) DEFAULT NULL,
  `boogie_no` varchar(255) DEFAULT NULL,
  `booking_date` date NOT NULL,
  `gender` varchar(6) NOT NULL,
  `name` varchar(100) NOT NULL,
  `seat_no` varchar(5) DEFAULT NULL,
  `seat_status` varchar(10) DEFAULT NULL,
  `train_departure_date` date NOT NULL,
  `destination_station` bigint NOT NULL,
  `origin_station` bigint NOT NULL,
  `train_no` bigint NOT NULL,
  `user_id` bigint NOT NULL,
  PRIMARY KEY (`id`),
  UNIQUE KEY `UK_p9nxrlv1ycn1uwv55xq13a433` (`pnr`),
  KEY `FKe9vn6qbcks7ncdw6dm0url3f3` (`destination_station`),
  KEY `FK7r1wg7ehtlhvtxhcif93wjeb3` (`origin_station`),
  KEY `FKdu4joy8aiuxhy8tv1pxnlfcqn` (`train_no`),
  KEY `FK20km9u1wf45p7juyiipq7efr7` (`user_id`),
  CONSTRAINT `FK20km9u1wf45p7juyiipq7efr7` FOREIGN KEY (`user_id`) REFERENCES `users` (`id`),
  CONSTRAINT `FK7r1wg7ehtlhvtxhcif93wjeb3` FOREIGN KEY (`origin_station`) REFERENCES `stations` (`id`),
  CONSTRAINT `FKdu4joy8aiuxhy8tv1pxnlfcqn` FOREIGN KEY (`train_no`) REFERENCES `trains` (`id`),
  CONSTRAINT `FKe9vn6qbcks7ncdw6dm0url3f3` FOREIGN KEY (`destination_station`) REFERENCES `stations` (`id`)
) ENGINE=InnoDB DEFAULT CHARSET=utf8mb4 COLLATE=utf8mb4_0900_ai_ci;
/*!40101 SET character_set_client = @saved_cs_client */;

--
-- Dumping data for table `passenger_history`
--

LOCK TABLES `passenger_history` WRITE;
/*!40000 ALTER TABLE `passenger_history` DISABLE KEYS */;
/*!40000 ALTER TABLE `passenger_history` ENABLE KEYS */;
UNLOCK TABLES;

--
-- Table structure for table `passengers`
--

DROP TABLE IF EXISTS `passengers`;
/*!40101 SET @saved_cs_client     = @@character_set_client */;
/*!50503 SET character_set_client = utf8mb4 */;
CREATE TABLE `passengers` (
  `id` bigint NOT NULL AUTO_INCREMENT,
  `boogie_no` varchar(255) DEFAULT NULL,
  `booking_date` date NOT NULL,
  `gender` varchar(6) NOT NULL,
  `name` varchar(100) NOT NULL,
  `pnr` varchar(10) DEFAULT NULL,
  `seat_no` varchar(5) DEFAULT NULL,
  `seat_status` varchar(10) DEFAULT NULL,
  `train_departure_date` date NOT NULL,
  `destination_station` bigint NOT NULL,
  `origin_station` bigint NOT NULL,
  `train_no` bigint NOT NULL,
  `user_id` bigint NOT NULL,
  `age` int NOT NULL,
  `payment_status` bit(1) DEFAULT NULL,
  `destination_time` time DEFAULT NULL,
  `source_time` time DEFAULT NULL,
  PRIMARY KEY (`id`),
  UNIQUE KEY `UK_tej3mudmp2obwdbc5sl3gi5mk` (`pnr`),
  KEY `FK5glnv34ctly32nk6v896psml2` (`destination_station`),
  KEY `FK5hpcvix76remv3ojw5jy1ucb8` (`origin_station`),
  KEY `FK5xdvj4g427oghhroh2tjdehc5` (`train_no`),
  KEY `FKk6i9bj5temsus004aaaagqwmd` (`user_id`),
  CONSTRAINT `FK5glnv34ctly32nk6v896psml2` FOREIGN KEY (`destination_station`) REFERENCES `stations` (`id`),
  CONSTRAINT `FK5hpcvix76remv3ojw5jy1ucb8` FOREIGN KEY (`origin_station`) REFERENCES `stations` (`id`),
  CONSTRAINT `FK5xdvj4g427oghhroh2tjdehc5` FOREIGN KEY (`train_no`) REFERENCES `trains` (`id`),
  CONSTRAINT `FKk6i9bj5temsus004aaaagqwmd` FOREIGN KEY (`user_id`) REFERENCES `users` (`id`)
) ENGINE=InnoDB AUTO_INCREMENT=23 DEFAULT CHARSET=utf8mb4 COLLATE=utf8mb4_0900_ai_ci;
/*!40101 SET character_set_client = @saved_cs_client */;

--
-- Dumping data for table `passengers`
--

LOCK TABLES `passengers` WRITE;
/*!40000 ALTER TABLE `passengers` DISABLE KEYS */;
INSERT INTO `passengers` VALUES (1,'A1','2023-08-24','male','prakash rahour',NULL,'U20','CONFIRM','2023-08-23',33,31,1,1,23,_binary '','13:27:00','10:45:00'),(2,'A1','2023-08-24','male','prakash rahour',NULL,'U19','CONFIRM','2023-08-23',33,31,1,1,23,_binary '','13:27:00','10:45:00'),(3,'A1','2023-08-24','male','prakash rahour','85031','U18','CONFIRM','2023-08-23',33,31,1,1,23,_binary '','13:27:00','10:45:00'),(4,'A1','2023-08-24','male','prakash rahour','10042','U17','CONFIRM','2023-08-23',33,31,1,1,23,_binary '','13:27:00','10:45:00'),(5,'A1','2023-08-24','male','king rahour','20087','U16','CONFIRM','2023-08-23',33,31,1,1,23,_binary '','13:27:00','10:45:00'),(6,'A1','2023-08-24','male','king rahour','80110','U15','CONFIRM','2023-08-23',33,31,1,1,23,_binary '','13:27:00','10:45:00'),(7,'A1','2023-08-24','male','king rahour','178869','U14','CONFIRM','2023-08-23',33,31,1,1,23,_binary '','13:27:00','10:45:00'),(8,'A1','2023-08-24','male','prakash rahour','115375','U13','CONFIRM','2023-08-23',33,31,1,1,23,_binary '','13:27:00','10:45:00'),(9,'A1','2023-08-24','male','prakash rahour','154459','U12','CONFIRM','2023-08-23',33,31,1,1,23,_binary '','13:27:00','10:45:00'),(10,'A1','2023-08-24','male','prakash rahour','140393','U11','CONFIRM','2023-08-23',33,31,1,1,23,_binary '','13:27:00','10:45:00'),(11,'A1','2023-08-24','male','prakash rahour','150957','U10','CONFIRM','2023-08-23',33,31,1,1,23,_binary '','13:27:00','10:45:00'),(12,NULL,'2023-08-24','male','Aarav Patel','165640',NULL,'WAITING','2023-08-23',32,31,1,1,21,_binary '','12:39:00','10:45:00'),(13,'B1','2023-08-24','male','Aarav Patel','79525','L20','CONFIRM','2023-08-23',32,31,1,1,32,_binary '','12:39:00','10:45:00'),(14,NULL,'2023-08-24','other','Aarav Patel','79248',NULL,'WAITING','2023-08-23',35,32,3,1,45,_binary '','08:24:00','06:00:00'),(15,NULL,'2023-08-24','female','Aarav Patel','209024',NULL,'WAITING','2023-08-29',33,31,3,1,43,_binary '','08:06:00','06:00:00'),(16,'A1','2023-08-25','male','Abdul morve','139758','U9','CONFIRM','2023-08-23',33,31,1,1,23,_binary '','13:27:00','10:45:00'),(17,'A1','2023-08-25','other','Divanshu Jain','77343','U20','CONFIRM','2023-08-25',34,32,2,1,23,_binary '','17:54:00','14:30:00'),(18,'A1','2023-08-25','male','Prakash rathour','127296','U20','CONFIRM','2023-08-25',32,31,1,1,23,_binary '','12:39:00','10:45:00'),(19,'B1','2023-08-25','male','saurya hande','213806','W20','CONFIRM','2023-08-25',34,31,1,1,24,_binary '','12:09:00','10:45:00'),(20,'A1','2023-08-25','male','yash shinde','156064','W20','CONFIRM','2023-08-28',34,36,2,1,23,_binary '','17:42:00','14:30:00'),(21,NULL,'2023-08-25','male','Yash kathar','118421',NULL,'WAITING','2023-08-27',33,31,1,1,23,_binary '','13:27:00','10:45:00'),(22,NULL,'2023-08-25','male','Aarav Patel','172616',NULL,'WAITING','2023-08-27',36,32,4,1,32,_binary '','11:36:00','09:30:00');
/*!40000 ALTER TABLE `passengers` ENABLE KEYS */;
UNLOCK TABLES;

--
-- Table structure for table `payments`
--

DROP TABLE IF EXISTS `payments`;
/*!40101 SET @saved_cs_client     = @@character_set_client */;
/*!50503 SET character_set_client = utf8mb4 */;
CREATE TABLE `payments` (
  `id` bigint NOT NULL AUTO_INCREMENT,
  `amount` double NOT NULL,
  `payment_date_time` datetime(6) NOT NULL,
  `status` varchar(255) NOT NULL,
  `transaction_id` bigint DEFAULT NULL,
  `passenger_id` bigint DEFAULT NULL,
  `user_id` bigint DEFAULT NULL,
  PRIMARY KEY (`id`),
  KEY `FKslpsnu6cg0kt7yn6mdplud6rc` (`passenger_id`),
  KEY `FKj94hgy9v5fw1munb90tar2eje` (`user_id`),
  CONSTRAINT `FKj94hgy9v5fw1munb90tar2eje` FOREIGN KEY (`user_id`) REFERENCES `users` (`id`),
  CONSTRAINT `FKslpsnu6cg0kt7yn6mdplud6rc` FOREIGN KEY (`passenger_id`) REFERENCES `passengers` (`id`)
) ENGINE=InnoDB DEFAULT CHARSET=utf8mb4 COLLATE=utf8mb4_0900_ai_ci;
/*!40101 SET character_set_client = @saved_cs_client */;

--
-- Dumping data for table `payments`
--

LOCK TABLES `payments` WRITE;
/*!40000 ALTER TABLE `payments` DISABLE KEYS */;
/*!40000 ALTER TABLE `payments` ENABLE KEYS */;
UNLOCK TABLES;

--
-- Table structure for table `running_trains`
--

DROP TABLE IF EXISTS `running_trains`;
/*!40101 SET @saved_cs_client     = @@character_set_client */;
/*!50503 SET character_set_client = utf8mb4 */;
CREATE TABLE `running_trains` (
  `id` bigint NOT NULL AUTO_INCREMENT,
  `delay` bigint DEFAULT NULL,
  `origin_date` date DEFAULT NULL,
  `current_station_id` bigint DEFAULT NULL,
  `train_id` bigint DEFAULT NULL,
  PRIMARY KEY (`id`),
  KEY `FKji89oxdcj5b0st7xdeket9uty` (`current_station_id`),
  KEY `FKtmmecomnvfnmjkp5i7dicsqur` (`train_id`),
  CONSTRAINT `FKji89oxdcj5b0st7xdeket9uty` FOREIGN KEY (`current_station_id`) REFERENCES `stations` (`id`),
  CONSTRAINT `FKtmmecomnvfnmjkp5i7dicsqur` FOREIGN KEY (`train_id`) REFERENCES `trains` (`id`)
) ENGINE=InnoDB AUTO_INCREMENT=32 DEFAULT CHARSET=utf8mb4 COLLATE=utf8mb4_0900_ai_ci;
/*!40101 SET character_set_client = @saved_cs_client */;

--
-- Dumping data for table `running_trains`
--

LOCK TABLES `running_trains` WRITE;
/*!40000 ALTER TABLE `running_trains` DISABLE KEYS */;
INSERT INTO `running_trains` VALUES (1,0,'2023-08-23',34,1),(2,0,'2023-08-23',36,2),(3,0,'2023-08-23',31,3),(4,0,'2023-08-23',32,4),(8,0,'2023-08-24',31,3),(9,0,'2023-08-25',34,1),(10,0,'2023-08-25',36,2),(11,0,'2023-08-25',31,3),(12,0,'2023-08-25',32,4),(16,0,'2023-08-26',31,3),(17,0,'2023-08-27',34,1),(18,0,'2023-08-27',36,2),(19,0,'2023-08-27',31,3),(20,0,'2023-08-27',32,4),(24,0,'2023-08-28',34,1),(25,0,'2023-08-28',36,2),(26,0,'2023-08-28',31,3),(27,0,'2023-08-28',32,4),(31,0,'2023-08-29',31,3);
/*!40000 ALTER TABLE `running_trains` ENABLE KEYS */;
UNLOCK TABLES;

--
-- Table structure for table `seat_history`
--

DROP TABLE IF EXISTS `seat_history`;
/*!40101 SET @saved_cs_client     = @@character_set_client */;
/*!50503 SET character_set_client = utf8mb4 */;
CREATE TABLE `seat_history` (
  `id` bigint NOT NULL AUTO_INCREMENT,
  `boogie_no` varchar(255) DEFAULT NULL,
  `class_type` varchar(20) DEFAULT NULL,
  `end_time` datetime(6) DEFAULT NULL,
  `seat_type` varchar(20) DEFAULT NULL,
  `vacant_seat` int NOT NULL,
  `train_id` bigint DEFAULT NULL,
  PRIMARY KEY (`id`),
  KEY `FK29xbyy776dfrfnbo60ef2rau` (`train_id`),
  CONSTRAINT `FK29xbyy776dfrfnbo60ef2rau` FOREIGN KEY (`train_id`) REFERENCES `trains` (`id`)
) ENGINE=InnoDB DEFAULT CHARSET=utf8mb4 COLLATE=utf8mb4_0900_ai_ci;
/*!40101 SET character_set_client = @saved_cs_client */;

--
-- Dumping data for table `seat_history`
--

LOCK TABLES `seat_history` WRITE;
/*!40000 ALTER TABLE `seat_history` DISABLE KEYS */;
/*!40000 ALTER TABLE `seat_history` ENABLE KEYS */;
UNLOCK TABLES;

--
-- Table structure for table `seats`
--

DROP TABLE IF EXISTS `seats`;
/*!40101 SET @saved_cs_client     = @@character_set_client */;
/*!50503 SET character_set_client = utf8mb4 */;
CREATE TABLE `seats` (
  `id` bigint NOT NULL AUTO_INCREMENT,
  `boogie` varchar(255) DEFAULT NULL,
  `class_type` varchar(20) DEFAULT NULL,
  `seat_type` varchar(20) DEFAULT NULL,
  `total_seat` int DEFAULT NULL,
  `train_id` bigint DEFAULT NULL,
  PRIMARY KEY (`id`),
  KEY `FKthnax36uccd771sdt7fped2p1` (`train_id`),
  CONSTRAINT `FKthnax36uccd771sdt7fped2p1` FOREIGN KEY (`train_id`) REFERENCES `trains` (`id`)
) ENGINE=InnoDB AUTO_INCREMENT=166 DEFAULT CHARSET=utf8mb4 COLLATE=utf8mb4_0900_ai_ci;
/*!40101 SET character_set_client = @saved_cs_client */;

--
-- Dumping data for table `seats`
--

LOCK TABLES `seats` WRITE;
/*!40000 ALTER TABLE `seats` DISABLE KEYS */;
INSERT INTO `seats` VALUES (1,'A1',NULL,'DISABLE',20,1),(2,'A1',NULL,'MIDDLE_BIRTH',20,1),(3,'A1',NULL,'LOWER_BERTH',20,1),(4,'A1',NULL,'UPPER_BERTH',20,1),(5,'A1',NULL,'WINDOW_BERTH',20,1),(6,'B1',NULL,'DISABLE',20,1),(7,'B1',NULL,'MIDDLE_BIRTH',20,1),(8,'B1',NULL,'LOWER_BERTH',20,1),(9,'B1',NULL,'UPPER_BERTH',20,1),(10,'B1',NULL,'WINDOW_BERTH',20,1),(11,'C1',NULL,'DISABLE',20,1),(12,'C1',NULL,'MIDDLE_BIRTH',20,1),(13,'C1',NULL,'LOWER_BERTH',20,1),(14,'C2',NULL,'UPPER_BERTH',20,1),(15,'C2',NULL,'WINDOW_BERTH',20,1),(16,'S1','GENERAL','DISABLE',20,1),(17,'S1','GENERAL','MIDDLE_BIRTH',20,1),(18,'S1','GENERAL','LOWER_BERTH',20,1),(19,'S1','GENERAL','UPPER_BERTH',20,1),(20,'S1','GENERAL','WINDOW_BERTH',20,1),(21,'S2','GENERAL','DISABLE',20,1),(22,'S2','GENERAL','MIDDLE_BIRTH',20,1),(23,'S2','GENERAL','LOWER_BERTH',20,1),(24,'S2','GENERAL','UPPER_BERTH',20,1),(25,'S2','GENERAL','WINDOW_BERTH',20,1),(26,'S3','GENERAL','DISABLE',20,1),(27,'S3','GENERAL','MIDDLE_BIRTH',20,1),(28,'S3','GENERAL','LOWER_BERTH',20,1),(29,'S3','GENERAL','UPPER_BERTH',20,1),(30,'S3','GENERAL','WINDOW_BERTH',20,1),(31,'C2',NULL,'DISABLE',20,1),(32,'C2',NULL,'MIDDLE_BIRTH',20,1),(33,'C2',NULL,'LOWER_BERTH',20,1),(34,'C2',NULL,'UPPER_BERTH',20,1),(35,'C2',NULL,'WINDOW_BERTH',20,1),(36,'C3',NULL,'DISABLE',20,1),(37,'C3',NULL,'MIDDLE_BIRTH',20,1),(38,'C3',NULL,'LOWER_BERTH',20,1),(39,'C3',NULL,'UPPER_BERTH',20,1),(40,'C3',NULL,'WINDOW_BERTH',20,1),(41,'C4',NULL,'DISABLE',20,1),(42,'C4',NULL,'MIDDLE_BIRTH',20,1),(43,'C4',NULL,'LOWER_BERTH',20,1),(44,'C4',NULL,'UPPER_BERTH',20,1),(45,'C4',NULL,'WINDOW_BERTH',20,1),(46,'A1',NULL,'DISABLE',20,2),(47,'A1',NULL,'MIDDLE_BIRTH',20,2),(48,'A1',NULL,'LOWER_BERTH',20,2),(49,'A1',NULL,'UPPER_BERTH',20,2),(50,'A1',NULL,'WINDOW_BERTH',20,2),(51,'B1',NULL,'DISABLE',20,2),(52,'B1',NULL,'MIDDLE_BIRTH',20,2),(53,'B1',NULL,'LOWER_BERTH',20,2),(54,'B1',NULL,'UPPER_BERTH',20,2),(55,'B1',NULL,'WINDOW_BERTH',20,2),(56,'C4',NULL,'DISABLE',20,2),(57,'C4',NULL,'MIDDLE_BIRTH',20,2),(58,'C4',NULL,'LOWER_BERTH',20,2),(59,'C4',NULL,'UPPER_BERTH',20,2),(60,'C4',NULL,'WINDOW_BERTH',20,2),(61,'S3','GENERAL','DISABLE',20,2),(62,'S3','GENERAL','MIDDLE_BIRTH',20,2),(63,'S3','GENERAL','LOWER_BERTH',20,2),(64,'S3','GENERAL','UPPER_BERTH',20,2),(65,'S3','GENERAL','WINDOW_BERTH',20,2),(66,'C3',NULL,'DISABLE',20,2),(67,'C3',NULL,'MIDDLE_BIRTH',20,2),(68,'C3',NULL,'LOWER_BERTH',20,2),(69,'C3',NULL,'UPPER_BERTH',20,2),(70,'C3',NULL,'WINDOW_BERTH',20,2),(71,'C2',NULL,'DISABLE',20,2),(72,'C2',NULL,'MIDDLE_BIRTH',20,2),(73,'C2',NULL,'LOWER_BERTH',20,2),(74,'C2',NULL,'UPPER_BERTH',20,2),(75,'C2',NULL,'WINDOW_BERTH',20,2),(76,'S2','GENERAL','DISABLE',20,2),(77,'S2','GENERAL','MIDDLE_BIRTH',20,2),(78,'S2','GENERAL','LOWER_BERTH',20,2),(79,'S2','GENERAL','UPPER_BERTH',20,2),(80,'S2','GENERAL','WINDOW_BERTH',20,2),(81,'S1','GENERAL','DISABLE',20,2),(82,'S1','GENERAL','MIDDLE_BIRTH',20,2),(83,'S1','GENERAL','LOWER_BERTH',20,2),(84,'S1','GENERAL','UPPER_BERTH',20,2),(85,'S1','GENERAL','WINDOW_BERTH',20,2),(86,'A1',NULL,'DISABLE',20,3),(87,'A1',NULL,'MIDDLE_BIRTH',20,3),(88,'A1',NULL,'LOWER_BERTH',20,3),(89,'A1',NULL,'UPPER_BERTH',20,3),(90,'A1',NULL,'WINDOW_BERTH',20,3),(91,'B1',NULL,'DISABLE',20,3),(92,'B1',NULL,'MIDDLE_BIRTH',20,3),(93,'B1',NULL,'LOWER_BERTH',20,3),(94,'B1',NULL,'UPPER_BERTH',20,3),(95,'B1',NULL,'WINDOW_BERTH',20,3),(96,'C4',NULL,'DISABLE',20,3),(97,'C4',NULL,'MIDDLE_BIRTH',20,3),(98,'C4',NULL,'LOWER_BERTH',20,3),(99,'C4',NULL,'UPPER_BERTH',20,3),(100,'C4',NULL,'WINDOW_BERTH',20,3),(101,'S3','GENERAL','DISABLE',20,3),(102,'S3','GENERAL','MIDDLE_BIRTH',20,3),(103,'S3','GENERAL','LOWER_BERTH',20,3),(104,'S3','GENERAL','UPPER_BERTH',20,3),(105,'S3','GENERAL','WINDOW_BERTH',20,3),(106,'C3',NULL,'DISABLE',20,3),(107,'C3',NULL,'MIDDLE_BIRTH',20,3),(108,'C3',NULL,'LOWER_BERTH',20,3),(109,'C3',NULL,'UPPER_BERTH',20,3),(110,'C3',NULL,'WINDOW_BERTH',20,3),(111,'C2',NULL,'DISABLE',20,3),(112,'C2',NULL,'MIDDLE_BIRTH',20,3),(113,'C2',NULL,'LOWER_BERTH',20,3),(114,'C2',NULL,'UPPER_BERTH',20,3),(115,'C2',NULL,'WINDOW_BERTH',20,3),(116,'S2','GENERAL','DISABLE',20,3),(117,'S2','GENERAL','MIDDLE_BIRTH',20,3),(118,'S2','GENERAL','LOWER_BERTH',20,3),(119,'S2','GENERAL','UPPER_BERTH',20,3),(120,'S2','GENERAL','WINDOW_BERTH',20,3),(121,'S1','GENERAL','DISABLE',20,3),(122,'S1','GENERAL','MIDDLE_BIRTH',20,3),(123,'S1','GENERAL','LOWER_BERTH',20,3),(124,'S1','GENERAL','UPPER_BERTH',20,3),(125,'S1','GENERAL','WINDOW_BERTH',20,3),(126,'A1',NULL,'DISABLE',20,4),(127,'A1',NULL,'MIDDLE_BIRTH',20,4),(128,'A1',NULL,'LOWER_BERTH',20,4),(129,'A1',NULL,'UPPER_BERTH',20,4),(130,'A1',NULL,'WINDOW_BERTH',20,4),(131,'B1',NULL,'DISABLE',20,4),(132,'B1',NULL,'MIDDLE_BIRTH',20,4),(133,'B1',NULL,'LOWER_BERTH',20,4),(134,'B1',NULL,'UPPER_BERTH',20,4),(135,'B1',NULL,'WINDOW_BERTH',20,4),(136,'C4',NULL,'DISABLE',20,4),(137,'C4',NULL,'MIDDLE_BIRTH',20,4),(138,'C4',NULL,'LOWER_BERTH',20,4),(139,'C4',NULL,'UPPER_BERTH',20,4),(140,'C4',NULL,'WINDOW_BERTH',20,4),(141,'S3','GENERAL','DISABLE',20,4),(142,'S3','GENERAL','MIDDLE_BIRTH',20,4),(143,'S3','GENERAL','LOWER_BERTH',20,4),(144,'S3','GENERAL','UPPER_BERTH',20,4),(145,'S3','GENERAL','WINDOW_BERTH',20,4),(146,'C3',NULL,'DISABLE',20,4),(147,'C3',NULL,'MIDDLE_BIRTH',20,4),(148,'C3',NULL,'LOWER_BERTH',20,4),(149,'C3',NULL,'UPPER_BERTH',20,4),(150,'C3',NULL,'WINDOW_BERTH',20,4),(151,'C2',NULL,'DISABLE',20,4),(152,'C2',NULL,'MIDDLE_BIRTH',20,4),(153,'C2',NULL,'LOWER_BERTH',20,4),(154,'C2',NULL,'UPPER_BERTH',20,4),(155,'C2',NULL,'WINDOW_BERTH',20,4),(156,'S2','GENERAL','DISABLE',20,4),(157,'S2','GENERAL','MIDDLE_BIRTH',20,4),(158,'S2','GENERAL','LOWER_BERTH',20,4),(159,'S2','GENERAL','UPPER_BERTH',20,4),(160,'S2','GENERAL','WINDOW_BERTH',20,4),(161,'S1','GENERAL','DISABLE',20,4),(162,'S1','GENERAL','MIDDLE_BIRTH',20,4),(163,'S1','GENERAL','LOWER_BERTH',20,4),(164,'S1','GENERAL','UPPER_BERTH',20,4),(165,'S1','GENERAL','WINDOW_BERTH',20,4);
/*!40000 ALTER TABLE `seats` ENABLE KEYS */;
UNLOCK TABLES;

--
-- Table structure for table `stations`
--

DROP TABLE IF EXISTS `stations`;
/*!40101 SET @saved_cs_client     = @@character_set_client */;
/*!50503 SET character_set_client = utf8mb4 */;
CREATE TABLE `stations` (
  `id` bigint NOT NULL AUTO_INCREMENT,
  `city_name` varchar(30) NOT NULL,
  `code` varchar(10) NOT NULL,
  `name` varchar(80) NOT NULL,
  PRIMARY KEY (`id`),
  UNIQUE KEY `UK_a5jb873kqd0gpggavx5n5l2gd` (`code`)
) ENGINE=InnoDB AUTO_INCREMENT=37 DEFAULT CHARSET=utf8mb4 COLLATE=utf8mb4_0900_ai_ci;
/*!40101 SET character_set_client = @saved_cs_client */;

--
-- Dumping data for table `stations`
--

LOCK TABLES `stations` WRITE;
/*!40000 ALTER TABLE `stations` DISABLE KEYS */;
INSERT INTO `stations` VALUES (31,'Bhopal Junction','BPL','Bhopal'),(32,'Jabalpur Junction','JBP','Jabalpur'),(33,'Gwalior Junction','GWL','Gwalior'),(34,'Ujjain Junction','UJN','Ujjain'),(35,'Habibganj','HBJ','Bhopal Habibganj'),(36,'Indore Junction','INDB','Indore');
/*!40000 ALTER TABLE `stations` ENABLE KEYS */;
UNLOCK TABLES;

--
-- Table structure for table `trains`
--

DROP TABLE IF EXISTS `trains`;
/*!40101 SET @saved_cs_client     = @@character_set_client */;
/*!50503 SET character_set_client = utf8mb4 */;
CREATE TABLE `trains` (
  `id` bigint NOT NULL AUTO_INCREMENT,
  `fri` bit(1) DEFAULT NULL,
  `mon` bit(1) DEFAULT NULL,
  `origin_dest_distance` double DEFAULT NULL,
  `origin_time` time DEFAULT NULL,
  `sat` bit(1) DEFAULT NULL,
  `sun` bit(1) DEFAULT NULL,
  `thu` bit(1) DEFAULT NULL,
  `train_name` varchar(100) NOT NULL,
  `train_no` bigint NOT NULL,
  `train_speed` bigint DEFAULT NULL,
  `train_type` varchar(15) DEFAULT NULL,
  `tue` bit(1) DEFAULT NULL,
  `wed` bit(1) DEFAULT NULL,
  `destination_station` bigint NOT NULL,
  `origin_station` bigint NOT NULL,
  PRIMARY KEY (`id`),
  UNIQUE KEY `UK_nhjr1sugwicx6ejujpopspffr` (`train_no`),
  KEY `FKtjb4wq3kmnv7oa54o0spim8md` (`destination_station`),
  KEY `FKa9j0r896evnssaw1d8hipga4v` (`origin_station`),
  CONSTRAINT `FKa9j0r896evnssaw1d8hipga4v` FOREIGN KEY (`origin_station`) REFERENCES `stations` (`id`),
  CONSTRAINT `FKtjb4wq3kmnv7oa54o0spim8md` FOREIGN KEY (`destination_station`) REFERENCES `stations` (`id`)
) ENGINE=InnoDB AUTO_INCREMENT=5 DEFAULT CHARSET=utf8mb4 COLLATE=utf8mb4_0900_ai_ci;
/*!40101 SET character_set_client = @saved_cs_client */;

--
-- Dumping data for table `trains`
--

LOCK TABLES `trains` WRITE;
/*!40000 ALTER TABLE `trains` DISABLE KEYS */;
INSERT INTO `trains` VALUES (1,_binary '',_binary '',170,'10:45:00',_binary '\0',_binary '',_binary '\0','Ujjain Intercity',12367,120,'INTERCITY',_binary '\0',_binary '',31,34),(2,_binary '',_binary '',500,'14:30:00',_binary '\0',_binary '',_binary '\0','Indore Rajdhani',12489,120,'RAJDHANI',_binary '\0',_binary '',33,36),(3,_binary '',_binary '',320,'06:00:00',_binary '',_binary '',_binary '','Bhopal Express',12835,150,'EXPRESS',_binary '',_binary '',33,31),(4,_binary '',_binary '',390,'09:30:00',_binary '\0',_binary '',_binary '\0','Jabalpur Superfast',12945,160,'SUPERFAST',_binary '\0',_binary '',33,32);
/*!40000 ALTER TABLE `trains` ENABLE KEYS */;
UNLOCK TABLES;

--
-- Table structure for table `trains_stations`
--

DROP TABLE IF EXISTS `trains_stations`;
/*!40101 SET @saved_cs_client     = @@character_set_client */;
/*!50503 SET character_set_client = utf8mb4 */;
CREATE TABLE `trains_stations` (
  `id` bigint NOT NULL AUTO_INCREMENT,
  `sequence` int NOT NULL,
  `station_id` bigint NOT NULL,
  `train_id` bigint NOT NULL,
  PRIMARY KEY (`id`),
  KEY `FKogef4uji82fd1lc2b4v7t1s73` (`station_id`),
  KEY `FKq26d7btaa2u7v6cbeinh0q2mc` (`train_id`),
  CONSTRAINT `FKogef4uji82fd1lc2b4v7t1s73` FOREIGN KEY (`station_id`) REFERENCES `stations` (`id`),
  CONSTRAINT `FKq26d7btaa2u7v6cbeinh0q2mc` FOREIGN KEY (`train_id`) REFERENCES `trains` (`id`)
) ENGINE=InnoDB AUTO_INCREMENT=20 DEFAULT CHARSET=utf8mb4 COLLATE=utf8mb4_0900_ai_ci;
/*!40101 SET character_set_client = @saved_cs_client */;

--
-- Dumping data for table `trains_stations`
--

LOCK TABLES `trains_stations` WRITE;
/*!40000 ALTER TABLE `trains_stations` DISABLE KEYS */;
INSERT INTO `trains_stations` VALUES (4,1,34,1),(5,2,35,1),(6,3,31,1),(7,1,32,4),(8,2,31,4),(9,3,34,4),(10,4,36,4),(11,1,32,2),(12,2,31,2),(13,3,35,2),(14,4,34,2),(15,5,36,2),(16,1,31,3),(17,2,35,3),(18,3,32,3),(19,4,33,3);
/*!40000 ALTER TABLE `trains_stations` ENABLE KEYS */;
UNLOCK TABLES;

--
-- Table structure for table `users`
--

DROP TABLE IF EXISTS `users`;
/*!40101 SET @saved_cs_client     = @@character_set_client */;
/*!50503 SET character_set_client = utf8mb4 */;
CREATE TABLE `users` (
  `id` bigint NOT NULL AUTO_INCREMENT,
  `address` varchar(255) DEFAULT NULL,
  `email` varchar(70) NOT NULL,
  `first_name` varchar(50) NOT NULL,
  `gender` varchar(10) DEFAULT NULL,
  `last_name` varchar(50) NOT NULL,
  `mobile` varchar(15) NOT NULL,
  `password` varchar(100) NOT NULL,
  `reg_date` date DEFAULT NULL,
  `role` varchar(25) DEFAULT NULL,
  `username` varchar(100) NOT NULL,
  PRIMARY KEY (`id`),
  UNIQUE KEY `UK_6dotkott2kjsp8vw4d0m25fb7` (`email`),
  UNIQUE KEY `UK_63cf888pmqtt5tipcne79xsbm` (`mobile`),
  UNIQUE KEY `UK_r43af9ap4edm43mmtq01oddj6` (`username`)
) ENGINE=InnoDB AUTO_INCREMENT=9 DEFAULT CHARSET=utf8mb4 COLLATE=utf8mb4_0900_ai_ci;
/*!40101 SET character_set_client = @saved_cs_client */;

--
-- Dumping data for table `users`
--

LOCK TABLES `users` WRITE;
/*!40000 ALTER TABLE `users` DISABLE KEYS */;
INSERT INTO `users` VALUES (1,'123 Street, Mumbai','aarav@example.com','Aarav','Male','Patel','9876543210','password1','2023-05-27','user','aaravp'),(2,'456 Road, Delhi','aditi@example.com','Aditi','Female','Sharma','9876543211','password2','2023-05-27','user','aditis'),(3,'789 Avenue, Bangalore','aryan@example.com','Aryan','Male','Singh','9876543212','password3','2023-05-27','user','aryans'),(4,'987 Fourth Ave, Chennai','anita.verma@example.com','Anita','Female','Verma','9876043215','passwordxyz','2023-05-27','user','anitaverma'),(5,'123 Admin Street, City','prakash@example.com','Prakash','Male','Rathour','9876543216','adminpassword','2023-08-19','admin','prakashr'),(6,NULL,'prakashkumarrathour247@gmail.com','Prakash','male','kumarrathour','+917999929288','124134','2023-08-22',NULL,'1324'),(7,'Laxmi Kirana Store','prakashkumarrathour@gmail.com','Prakashkumarrathour','male','Rathour','999929288','123','2023-08-22',NULL,'prakashkum');
/*!40000 ALTER TABLE `users` ENABLE KEYS */;
UNLOCK TABLES;
/*!40103 SET TIME_ZONE=@OLD_TIME_ZONE */;

/*!40101 SET SQL_MODE=@OLD_SQL_MODE */;
/*!40014 SET FOREIGN_KEY_CHECKS=@OLD_FOREIGN_KEY_CHECKS */;
/*!40014 SET UNIQUE_CHECKS=@OLD_UNIQUE_CHECKS */;
/*!40101 SET CHARACTER_SET_CLIENT=@OLD_CHARACTER_SET_CLIENT */;
/*!40101 SET CHARACTER_SET_RESULTS=@OLD_CHARACTER_SET_RESULTS */;
/*!40101 SET COLLATION_CONNECTION=@OLD_COLLATION_CONNECTION */;
/*!40111 SET SQL_NOTES=@OLD_SQL_NOTES */;

-- Dump completed on 2023-08-25 11:18:39
